student_id,season_id,institute_id,program_id,level_section_id,hall_ticket_printed, sgpa, cgpa, registered_credits, obtained_credits, total_credits, barcode, created_at,updated_at
1,2,1,13,54,FALSE ,0.00, 0.00, 0.00, 0.00, 0.00, ,now(),now()
2,2,1,13,54,FALSE ,0.00, 0.00, 0.00, 0.00, 0.00, ,now(),now()
3,2,1,13,54,FALSE ,0.00, 0.00, 0.00, 0.00, 0.00, ,now(),now()
4,2,1,13,54,FALSE ,0.00, 0.00, 0.00, 0.00, 0.00, ,now(),now()
5,2,1,13,54,FALSE ,0.00, 0.00, 0.00, 0.00, 0.00, ,now(),now()
6,2,1,13,54,FALSE ,0.00, 0.00, 0.00, 0.00, 0.00, ,now(),now()
7,2,1,13,54,FALSE ,0.00, 0.00, 0.00, 0.00, 0.00, ,now(),now()
8,2,1,13,54,FALSE ,0.00, 0.00, 0.00, 0.00, 0.00, ,now(),now()
9,2,1,13,54,FALSE ,0.00, 0.00, 0.00, 0.00, 0.00, ,now(),now()
10,2,1,13,54,FALSE ,0.00, 0.00, 0.00, 0.00, 0.00, ,now(),now()
11,2,1,13,54,FALSE ,0.00, 0.00, 0.00, 0.00, 0.00, ,now(),now()
12,2,1,13,54,FALSE ,0.00, 0.00, 0.00, 0.00, 0.00, ,now(),now()
13,2,1,13,54,FALSE ,0.00, 0.00, 0.00, 0.00, 0.00, ,now(),now()
14,2,1,13,54,FALSE ,0.00, 0.00, 0.00, 0.00, 0.00, ,now(),now()
15,2,1,13,54,FALSE ,0.00, 0.00, 0.00, 0.00, 0.00, ,now(),now()
16,2,1,13,54,FALSE ,0.00, 0.00, 0.00, 0.00, 0.00, ,now(),now()
17,2,1,13,54,FALSE ,0.00, 0.00, 0.00, 0.00, 0.00, ,now(),now()
18,2,1,13,54,FALSE ,0.00, 0.00, 0.00, 0.00, 0.00, ,now(),now()
19,2,1,13,54,FALSE ,0.00, 0.00, 0.00, 0.00, 0.00, ,now(),now()
20,2,1,13,54,FALSE ,0.00, 0.00, 0.00, 0.00, 0.00, ,now(),now()
21,2,1,13,54,FALSE ,0.00, 0.00, 0.00, 0.00, 0.00, ,now(),now()
22,2,1,13,54,FALSE ,0.00, 0.00, 0.00, 0.00, 0.00, ,now(),now()
23,2,1,13,54,FALSE ,0.00, 0.00, 0.00, 0.00, 0.00, ,now(),now()
24,2,1,13,54,FALSE ,0.00, 0.00, 0.00, 0.00, 0.00, ,now(),now()
25,2,1,13,54,FALSE ,0.00, 0.00, 0.00, 0.00, 0.00, ,now(),now()
26,2,1,13,54,FALSE ,0.00, 0.00, 0.00, 0.00, 0.00, ,now(),now()
27,2,1,13,54,FALSE ,0.00, 0.00, 0.00, 0.00, 0.00, ,now(),now()
28,2,1,13,54,FALSE ,0.00, 0.00, 0.00, 0.00, 0.00, ,now(),now()
29,2,1,13,54,FALSE ,0.00, 0.00, 0.00, 0.00, 0.00, ,now(),now()
30,2,1,13,54,FALSE ,0.00, 0.00, 0.00, 0.00, 0.00, ,now(),now()
31,2,1,13,54,FALSE ,0.00, 0.00, 0.00, 0.00, 0.00, ,now(),now()
32,2,1,13,54,FALSE ,0.00, 0.00, 0.00, 0.00, 0.00, ,now(),now()
33,2,1,13,54,FALSE ,0.00, 0.00, 0.00, 0.00, 0.00, ,now(),now()
34,2,1,13,54,FALSE ,0.00, 0.00, 0.00, 0.00, 0.00, ,now(),now()
35,2,1,13,54,FALSE ,0.00, 0.00, 0.00, 0.00, 0.00, ,now(),now()
36,2,1,13,54,FALSE ,0.00, 0.00, 0.00, 0.00, 0.00, ,now(),now()
37,2,1,13,54,FALSE ,0.00, 0.00, 0.00, 0.00, 0.00, ,now(),now()
38,2,1,13,54,FALSE ,0.00, 0.00, 0.00, 0.00, 0.00, ,now(),now()
39,2,1,13,54,FALSE ,0.00, 0.00, 0.00, 0.00, 0.00, ,now(),now()
40,2,1,13,54,FALSE ,0.00, 0.00, 0.00, 0.00, 0.00, ,now(),now()
41,2,1,13,54,FALSE ,0.00, 0.00, 0.00, 0.00, 0.00, ,now(),now()
42,2,1,13,54,FALSE ,0.00, 0.00, 0.00, 0.00, 0.00, ,now(),now()
43,2,1,13,54,FALSE ,0.00, 0.00, 0.00, 0.00, 0.00, ,now(),now()
44,2,1,13,54,FALSE ,0.00, 0.00, 0.00, 0.00, 0.00, ,now(),now()
45,2,1,13,54,FALSE ,0.00, 0.00, 0.00, 0.00, 0.00, ,now(),now()
46,2,1,13,54,FALSE ,0.00, 0.00, 0.00, 0.00, 0.00, ,now(),now()
47,2,1,13,54,FALSE ,0.00, 0.00, 0.00, 0.00, 0.00, ,now(),now()
48,2,1,13,54,FALSE ,0.00, 0.00, 0.00, 0.00, 0.00, ,now(),now()
49,2,1,13,54,FALSE ,0.00, 0.00, 0.00, 0.00, 0.00, ,now(),now()
50,2,1,13,54,FALSE ,0.00, 0.00, 0.00, 0.00, 0.00, ,now(),now()
51,2,1,13,54,FALSE ,0.00, 0.00, 0.00, 0.00, 0.00, ,now(),now()
52,2,1,13,54,FALSE ,0.00, 0.00, 0.00, 0.00, 0.00, ,now(),now()
53,2,1,13,54,FALSE ,0.00, 0.00, 0.00, 0.00, 0.00, ,now(),now()
54,2,1,13,54,FALSE ,0.00, 0.00, 0.00, 0.00, 0.00, ,now(),now()
55,2,1,13,54,FALSE ,0.00, 0.00, 0.00, 0.00, 0.00, ,now(),now()
56,2,1,13,54,FALSE ,0.00, 0.00, 0.00, 0.00, 0.00, ,now(),now()
57,2,1,13,54,FALSE ,0.00, 0.00, 0.00, 0.00, 0.00, ,now(),now()
58,2,1,13,54,FALSE ,0.00, 0.00, 0.00, 0.00, 0.00, ,now(),now()
59,2,1,13,54,FALSE ,0.00, 0.00, 0.00, 0.00, 0.00, ,now(),now()
60,2,1,13,54,FALSE ,0.00, 0.00, 0.00, 0.00, 0.00, ,now(),now()
61,2,1,13,54,FALSE ,0.00, 0.00, 0.00, 0.00, 0.00, ,now(),now()
62,2,1,13,54,FALSE ,0.00, 0.00, 0.00, 0.00, 0.00, ,now(),now()
63,2,1,6,43,FALSE ,0.00, 0.00, 0.00, 0.00, 0.00, ,now(),now()
64,2,1,6,43,FALSE ,0.00, 0.00, 0.00, 0.00, 0.00, ,now(),now()
65,2,1,6,43,FALSE ,0.00, 0.00, 0.00, 0.00, 0.00, ,now(),now()
66,2,1,6,43,FALSE ,0.00, 0.00, 0.00, 0.00, 0.00, ,now(),now()
67,2,1,6,43,FALSE ,0.00, 0.00, 0.00, 0.00, 0.00, ,now(),now()
68,2,1,6,43,FALSE ,0.00, 0.00, 0.00, 0.00, 0.00, ,now(),now()
69,2,1,6,43,FALSE ,0.00, 0.00, 0.00, 0.00, 0.00, ,now(),now()
70,2,1,6,43,FALSE ,0.00, 0.00, 0.00, 0.00, 0.00, ,now(),now()
71,2,1,6,43,FALSE ,0.00, 0.00, 0.00, 0.00, 0.00, ,now(),now()
72,2,1,6,43,FALSE ,0.00, 0.00, 0.00, 0.00, 0.00, ,now(),now()
73,2,1,6,43,FALSE ,0.00, 0.00, 0.00, 0.00, 0.00, ,now(),now()
74,2,1,6,43,FALSE ,0.00, 0.00, 0.00, 0.00, 0.00, ,now(),now()
75,2,1,6,43,FALSE ,0.00, 0.00, 0.00, 0.00, 0.00, ,now(),now()
76,2,1,6,43,FALSE ,0.00, 0.00, 0.00, 0.00, 0.00, ,now(),now()
77,2,1,6,43,FALSE ,0.00, 0.00, 0.00, 0.00, 0.00, ,now(),now()
78,2,1,6,43,FALSE ,0.00, 0.00, 0.00, 0.00, 0.00, ,now(),now()
79,2,1,6,43,FALSE ,0.00, 0.00, 0.00, 0.00, 0.00, ,now(),now()
80,2,1,6,43,FALSE ,0.00, 0.00, 0.00, 0.00, 0.00, ,now(),now()
81,2,1,6,43,FALSE ,0.00, 0.00, 0.00, 0.00, 0.00, ,now(),now()
82,2,1,6,43,FALSE ,0.00, 0.00, 0.00, 0.00, 0.00, ,now(),now()
83,2,1,6,43,FALSE ,0.00, 0.00, 0.00, 0.00, 0.00, ,now(),now()
84,2,1,6,43,FALSE ,0.00, 0.00, 0.00, 0.00, 0.00, ,now(),now()
85,2,1,6,43,FALSE ,0.00, 0.00, 0.00, 0.00, 0.00, ,now(),now()
86,2,1,6,43,FALSE ,0.00, 0.00, 0.00, 0.00, 0.00, ,now(),now()
87,2,1,6,43,FALSE ,0.00, 0.00, 0.00, 0.00, 0.00, ,now(),now()
88,2,1,6,43,FALSE ,0.00, 0.00, 0.00, 0.00, 0.00, ,now(),now()
89,2,1,6,43,FALSE ,0.00, 0.00, 0.00, 0.00, 0.00, ,now(),now()
90,2,1,6,43,FALSE ,0.00, 0.00, 0.00, 0.00, 0.00, ,now(),now()
91,2,1,6,43,FALSE ,0.00, 0.00, 0.00, 0.00, 0.00, ,now(),now()
92,2,1,6,43,FALSE ,0.00, 0.00, 0.00, 0.00, 0.00, ,now(),now()
93,2,1,6,43,FALSE ,0.00, 0.00, 0.00, 0.00, 0.00, ,now(),now()
94,2,1,6,43,FALSE ,0.00, 0.00, 0.00, 0.00, 0.00, ,now(),now()
95,2,1,6,43,FALSE ,0.00, 0.00, 0.00, 0.00, 0.00, ,now(),now()
96,2,1,6,43,FALSE ,0.00, 0.00, 0.00, 0.00, 0.00, ,now(),now()
97,2,1,6,43,FALSE ,0.00, 0.00, 0.00, 0.00, 0.00, ,now(),now()
98,2,1,6,43,FALSE ,0.00, 0.00, 0.00, 0.00, 0.00, ,now(),now()
99,2,1,6,43,FALSE ,0.00, 0.00, 0.00, 0.00, 0.00, ,now(),now()
100,2,1,6,43,FALSE ,0.00, 0.00, 0.00, 0.00, 0.00, ,now(),now()
101,2,1,6,43,FALSE ,0.00, 0.00, 0.00, 0.00, 0.00, ,now(),now()
102,2,1,6,43,FALSE ,0.00, 0.00, 0.00, 0.00, 0.00, ,now(),now()
103,2,1,6,43,FALSE ,0.00, 0.00, 0.00, 0.00, 0.00, ,now(),now()
104,2,1,6,43,FALSE ,0.00, 0.00, 0.00, 0.00, 0.00, ,now(),now()
105,2,1,6,43,FALSE ,0.00, 0.00, 0.00, 0.00, 0.00, ,now(),now()
106,2,1,6,43,FALSE ,0.00, 0.00, 0.00, 0.00, 0.00, ,now(),now()
107,2,1,6,43,FALSE ,0.00, 0.00, 0.00, 0.00, 0.00, ,now(),now()
108,2,1,6,43,FALSE ,0.00, 0.00, 0.00, 0.00, 0.00, ,now(),now()
109,2,1,6,43,FALSE ,0.00, 0.00, 0.00, 0.00, 0.00, ,now(),now()
110,2,1,6,43,FALSE ,0.00, 0.00, 0.00, 0.00, 0.00, ,now(),now()
111,2,1,6,43,FALSE ,0.00, 0.00, 0.00, 0.00, 0.00, ,now(),now()
112,2,1,6,43,FALSE ,0.00, 0.00, 0.00, 0.00, 0.00, ,now(),now()
113,2,1,6,43,FALSE ,0.00, 0.00, 0.00, 0.00, 0.00, ,now(),now()
114,2,1,6,43,FALSE ,0.00, 0.00, 0.00, 0.00, 0.00, ,now(),now()
115,2,1,6,43,FALSE ,0.00, 0.00, 0.00, 0.00, 0.00, ,now(),now()
116,2,1,6,43,FALSE ,0.00, 0.00, 0.00, 0.00, 0.00, ,now(),now()
117,2,1,6,43,FALSE ,0.00, 0.00, 0.00, 0.00, 0.00, ,now(),now()
118,2,1,6,43,FALSE ,0.00, 0.00, 0.00, 0.00, 0.00, ,now(),now()
119,2,1,6,43,FALSE ,0.00, 0.00, 0.00, 0.00, 0.00, ,now(),now()
120,2,1,6,43,FALSE ,0.00, 0.00, 0.00, 0.00, 0.00, ,now(),now()
121,2,1,6,43,FALSE ,0.00, 0.00, 0.00, 0.00, 0.00, ,now(),now()
122,2,1,6,43,FALSE ,0.00, 0.00, 0.00, 0.00, 0.00, ,now(),now()
123,2,1,6,43,FALSE ,0.00, 0.00, 0.00, 0.00, 0.00, ,now(),now()
124,2,1,6,44,FALSE ,0.00, 0.00, 0.00, 0.00, 0.00, ,now(),now()
125,2,1,6,44,FALSE ,0.00, 0.00, 0.00, 0.00, 0.00, ,now(),now()
126,2,1,6,44,FALSE ,0.00, 0.00, 0.00, 0.00, 0.00, ,now(),now()
127,2,1,6,44,FALSE ,0.00, 0.00, 0.00, 0.00, 0.00, ,now(),now()
128,2,1,6,44,FALSE ,0.00, 0.00, 0.00, 0.00, 0.00, ,now(),now()
129,2,1,6,44,FALSE ,0.00, 0.00, 0.00, 0.00, 0.00, ,now(),now()
130,2,1,6,44,FALSE ,0.00, 0.00, 0.00, 0.00, 0.00, ,now(),now()
131,2,1,6,44,FALSE ,0.00, 0.00, 0.00, 0.00, 0.00, ,now(),now()
132,2,1,6,44,FALSE ,0.00, 0.00, 0.00, 0.00, 0.00, ,now(),now()
133,2,1,6,44,FALSE ,0.00, 0.00, 0.00, 0.00, 0.00, ,now(),now()
134,2,1,6,44,FALSE ,0.00, 0.00, 0.00, 0.00, 0.00, ,now(),now()
135,2,1,6,44,FALSE ,0.00, 0.00, 0.00, 0.00, 0.00, ,now(),now()
136,2,1,6,44,FALSE ,0.00, 0.00, 0.00, 0.00, 0.00, ,now(),now()
137,2,1,6,44,FALSE ,0.00, 0.00, 0.00, 0.00, 0.00, ,now(),now()
138,2,1,6,44,FALSE ,0.00, 0.00, 0.00, 0.00, 0.00, ,now(),now()
139,2,1,6,44,FALSE ,0.00, 0.00, 0.00, 0.00, 0.00, ,now(),now()
140,2,1,6,44,FALSE ,0.00, 0.00, 0.00, 0.00, 0.00, ,now(),now()
141,2,1,6,44,FALSE ,0.00, 0.00, 0.00, 0.00, 0.00, ,now(),now()
142,2,1,6,44,FALSE ,0.00, 0.00, 0.00, 0.00, 0.00, ,now(),now()
143,2,1,6,44,FALSE ,0.00, 0.00, 0.00, 0.00, 0.00, ,now(),now()
144,2,1,6,44,FALSE ,0.00, 0.00, 0.00, 0.00, 0.00, ,now(),now()
145,2,1,6,44,FALSE ,0.00, 0.00, 0.00, 0.00, 0.00, ,now(),now()
146,2,1,6,44,FALSE ,0.00, 0.00, 0.00, 0.00, 0.00, ,now(),now()
147,2,1,6,44,FALSE ,0.00, 0.00, 0.00, 0.00, 0.00, ,now(),now()
148,2,1,6,44,FALSE ,0.00, 0.00, 0.00, 0.00, 0.00, ,now(),now()
149,2,1,6,44,FALSE ,0.00, 0.00, 0.00, 0.00, 0.00, ,now(),now()
150,2,1,6,44,FALSE ,0.00, 0.00, 0.00, 0.00, 0.00, ,now(),now()
151,2,1,6,44,FALSE ,0.00, 0.00, 0.00, 0.00, 0.00, ,now(),now()
152,2,1,6,44,FALSE ,0.00, 0.00, 0.00, 0.00, 0.00, ,now(),now()
153,2,1,6,44,FALSE ,0.00, 0.00, 0.00, 0.00, 0.00, ,now(),now()
154,2,1,6,44,FALSE ,0.00, 0.00, 0.00, 0.00, 0.00, ,now(),now()
155,2,1,6,44,FALSE ,0.00, 0.00, 0.00, 0.00, 0.00, ,now(),now()
156,2,1,6,44,FALSE ,0.00, 0.00, 0.00, 0.00, 0.00, ,now(),now()
157,2,1,6,44,FALSE ,0.00, 0.00, 0.00, 0.00, 0.00, ,now(),now()
158,2,1,6,44,FALSE ,0.00, 0.00, 0.00, 0.00, 0.00, ,now(),now()
159,2,1,6,44,FALSE ,0.00, 0.00, 0.00, 0.00, 0.00, ,now(),now()
160,2,1,6,44,FALSE ,0.00, 0.00, 0.00, 0.00, 0.00, ,now(),now()
161,2,1,6,44,FALSE ,0.00, 0.00, 0.00, 0.00, 0.00, ,now(),now()
162,2,1,6,44,FALSE ,0.00, 0.00, 0.00, 0.00, 0.00, ,now(),now()
163,2,1,6,44,FALSE ,0.00, 0.00, 0.00, 0.00, 0.00, ,now(),now()
164,2,1,6,44,FALSE ,0.00, 0.00, 0.00, 0.00, 0.00, ,now(),now()
165,2,1,6,44,FALSE ,0.00, 0.00, 0.00, 0.00, 0.00, ,now(),now()
166,2,1,6,44,FALSE ,0.00, 0.00, 0.00, 0.00, 0.00, ,now(),now()
167,2,1,6,44,FALSE ,0.00, 0.00, 0.00, 0.00, 0.00, ,now(),now()
168,2,1,6,44,FALSE ,0.00, 0.00, 0.00, 0.00, 0.00, ,now(),now()
169,2,1,6,44,FALSE ,0.00, 0.00, 0.00, 0.00, 0.00, ,now(),now()
170,2,1,6,44,FALSE ,0.00, 0.00, 0.00, 0.00, 0.00, ,now(),now()
171,2,1,6,44,FALSE ,0.00, 0.00, 0.00, 0.00, 0.00, ,now(),now()
172,2,1,6,44,FALSE ,0.00, 0.00, 0.00, 0.00, 0.00, ,now(),now()
173,2,1,6,44,FALSE ,0.00, 0.00, 0.00, 0.00, 0.00, ,now(),now()
174,2,1,6,44,FALSE ,0.00, 0.00, 0.00, 0.00, 0.00, ,now(),now()
175,2,1,6,44,FALSE ,0.00, 0.00, 0.00, 0.00, 0.00, ,now(),now()
176,2,1,6,44,FALSE ,0.00, 0.00, 0.00, 0.00, 0.00, ,now(),now()
177,2,1,6,44,FALSE ,0.00, 0.00, 0.00, 0.00, 0.00, ,now(),now()
178,2,1,6,44,FALSE ,0.00, 0.00, 0.00, 0.00, 0.00, ,now(),now()
179,2,1,6,44,FALSE ,0.00, 0.00, 0.00, 0.00, 0.00, ,now(),now()
180,2,1,6,44,FALSE ,0.00, 0.00, 0.00, 0.00, 0.00, ,now(),now()
181,2,1,6,44,FALSE ,0.00, 0.00, 0.00, 0.00, 0.00, ,now(),now()
182,2,1,6,44,FALSE ,0.00, 0.00, 0.00, 0.00, 0.00, ,now(),now()
183,2,1,6,44,FALSE ,0.00, 0.00, 0.00, 0.00, 0.00, ,now(),now()
184,2,1,6,44,FALSE ,0.00, 0.00, 0.00, 0.00, 0.00, ,now(),now()
185,2,1,6,44,FALSE ,0.00, 0.00, 0.00, 0.00, 0.00, ,now(),now()
186,2,1,6,44,FALSE ,0.00, 0.00, 0.00, 0.00, 0.00, ,now(),now()
187,2,1,6,44,FALSE ,0.00, 0.00, 0.00, 0.00, 0.00, ,now(),now()
188,2,1,6,44,FALSE ,0.00, 0.00, 0.00, 0.00, 0.00, ,now(),now()
189,2,1,6,45,FALSE ,0.00, 0.00, 0.00, 0.00, 0.00, ,now(),now()
190,2,1,6,45,FALSE ,0.00, 0.00, 0.00, 0.00, 0.00, ,now(),now()
191,2,1,6,45,FALSE ,0.00, 0.00, 0.00, 0.00, 0.00, ,now(),now()
192,2,1,6,45,FALSE ,0.00, 0.00, 0.00, 0.00, 0.00, ,now(),now()
193,2,1,6,45,FALSE ,0.00, 0.00, 0.00, 0.00, 0.00, ,now(),now()
194,2,1,6,45,FALSE ,0.00, 0.00, 0.00, 0.00, 0.00, ,now(),now()
195,2,1,6,45,FALSE ,0.00, 0.00, 0.00, 0.00, 0.00, ,now(),now()
196,2,1,6,45,FALSE ,0.00, 0.00, 0.00, 0.00, 0.00, ,now(),now()
197,2,1,6,45,FALSE ,0.00, 0.00, 0.00, 0.00, 0.00, ,now(),now()
198,2,1,6,45,FALSE ,0.00, 0.00, 0.00, 0.00, 0.00, ,now(),now()
199,2,1,6,45,FALSE ,0.00, 0.00, 0.00, 0.00, 0.00, ,now(),now()
200,2,1,6,45,FALSE ,0.00, 0.00, 0.00, 0.00, 0.00, ,now(),now()
201,2,1,6,45,FALSE ,0.00, 0.00, 0.00, 0.00, 0.00, ,now(),now()
202,2,1,6,45,FALSE ,0.00, 0.00, 0.00, 0.00, 0.00, ,now(),now()
203,2,1,6,45,FALSE ,0.00, 0.00, 0.00, 0.00, 0.00, ,now(),now()
204,2,1,6,45,FALSE ,0.00, 0.00, 0.00, 0.00, 0.00, ,now(),now()
205,2,1,6,45,FALSE ,0.00, 0.00, 0.00, 0.00, 0.00, ,now(),now()
206,2,1,6,45,FALSE ,0.00, 0.00, 0.00, 0.00, 0.00, ,now(),now()
207,2,1,6,45,FALSE ,0.00, 0.00, 0.00, 0.00, 0.00, ,now(),now()
208,2,1,6,45,FALSE ,0.00, 0.00, 0.00, 0.00, 0.00, ,now(),now()
209,2,1,6,45,FALSE ,0.00, 0.00, 0.00, 0.00, 0.00, ,now(),now()
210,2,1,6,45,FALSE ,0.00, 0.00, 0.00, 0.00, 0.00, ,now(),now()
211,2,1,6,45,FALSE ,0.00, 0.00, 0.00, 0.00, 0.00, ,now(),now()
212,2,1,6,45,FALSE ,0.00, 0.00, 0.00, 0.00, 0.00, ,now(),now()
213,2,1,6,45,FALSE ,0.00, 0.00, 0.00, 0.00, 0.00, ,now(),now()
214,2,1,6,45,FALSE ,0.00, 0.00, 0.00, 0.00, 0.00, ,now(),now()
215,2,1,6,45,FALSE ,0.00, 0.00, 0.00, 0.00, 0.00, ,now(),now()
216,2,1,6,45,FALSE ,0.00, 0.00, 0.00, 0.00, 0.00, ,now(),now()
217,2,1,6,45,FALSE ,0.00, 0.00, 0.00, 0.00, 0.00, ,now(),now()
218,2,1,6,45,FALSE ,0.00, 0.00, 0.00, 0.00, 0.00, ,now(),now()
219,2,1,6,45,FALSE ,0.00, 0.00, 0.00, 0.00, 0.00, ,now(),now()
220,2,1,6,45,FALSE ,0.00, 0.00, 0.00, 0.00, 0.00, ,now(),now()
221,2,1,6,45,FALSE ,0.00, 0.00, 0.00, 0.00, 0.00, ,now(),now()
222,2,1,6,45,FALSE ,0.00, 0.00, 0.00, 0.00, 0.00, ,now(),now()
223,2,1,6,45,FALSE ,0.00, 0.00, 0.00, 0.00, 0.00, ,now(),now()
224,2,1,6,45,FALSE ,0.00, 0.00, 0.00, 0.00, 0.00, ,now(),now()
225,2,1,6,45,FALSE ,0.00, 0.00, 0.00, 0.00, 0.00, ,now(),now()
226,2,1,6,45,FALSE ,0.00, 0.00, 0.00, 0.00, 0.00, ,now(),now()
227,2,1,6,45,FALSE ,0.00, 0.00, 0.00, 0.00, 0.00, ,now(),now()
228,2,1,6,45,FALSE ,0.00, 0.00, 0.00, 0.00, 0.00, ,now(),now()
229,2,1,6,45,FALSE ,0.00, 0.00, 0.00, 0.00, 0.00, ,now(),now()
230,2,1,6,45,FALSE ,0.00, 0.00, 0.00, 0.00, 0.00, ,now(),now()
231,2,1,6,45,FALSE ,0.00, 0.00, 0.00, 0.00, 0.00, ,now(),now()
232,2,1,6,45,FALSE ,0.00, 0.00, 0.00, 0.00, 0.00, ,now(),now()
233,2,1,6,45,FALSE ,0.00, 0.00, 0.00, 0.00, 0.00, ,now(),now()
234,2,1,6,45,FALSE ,0.00, 0.00, 0.00, 0.00, 0.00, ,now(),now()
235,2,1,6,45,FALSE ,0.00, 0.00, 0.00, 0.00, 0.00, ,now(),now()
236,2,1,6,45,FALSE ,0.00, 0.00, 0.00, 0.00, 0.00, ,now(),now()
237,2,1,6,45,FALSE ,0.00, 0.00, 0.00, 0.00, 0.00, ,now(),now()
238,2,1,6,45,FALSE ,0.00, 0.00, 0.00, 0.00, 0.00, ,now(),now()
239,2,1,6,45,FALSE ,0.00, 0.00, 0.00, 0.00, 0.00, ,now(),now()
240,2,1,6,45,FALSE ,0.00, 0.00, 0.00, 0.00, 0.00, ,now(),now()
241,2,1,6,45,FALSE ,0.00, 0.00, 0.00, 0.00, 0.00, ,now(),now()
242,2,1,6,45,FALSE ,0.00, 0.00, 0.00, 0.00, 0.00, ,now(),now()
243,2,1,6,45,FALSE ,0.00, 0.00, 0.00, 0.00, 0.00, ,now(),now()
244,2,1,6,45,FALSE ,0.00, 0.00, 0.00, 0.00, 0.00, ,now(),now()
245,2,1,6,45,FALSE ,0.00, 0.00, 0.00, 0.00, 0.00, ,now(),now()
246,2,1,6,45,FALSE ,0.00, 0.00, 0.00, 0.00, 0.00, ,now(),now()
247,2,1,6,45,FALSE ,0.00, 0.00, 0.00, 0.00, 0.00, ,now(),now()
248,2,1,6,45,FALSE ,0.00, 0.00, 0.00, 0.00, 0.00, ,now(),now()
249,2,1,6,45,FALSE ,0.00, 0.00, 0.00, 0.00, 0.00, ,now(),now()
250,2,1,6,45,FALSE ,0.00, 0.00, 0.00, 0.00, 0.00, ,now(),now()
251,2,1,6,46,FALSE ,0.00, 0.00, 0.00, 0.00, 0.00, ,now(),now()
252,2,1,6,56,FALSE ,0.00, 0.00, 0.00, 0.00, 0.00, ,now(),now()
253,2,1,6,56,FALSE ,0.00, 0.00, 0.00, 0.00, 0.00, ,now(),now()
254,2,1,6,56,FALSE ,0.00, 0.00, 0.00, 0.00, 0.00, ,now(),now()
255,2,1,6,56,FALSE ,0.00, 0.00, 0.00, 0.00, 0.00, ,now(),now()
256,2,1,6,56,FALSE ,0.00, 0.00, 0.00, 0.00, 0.00, ,now(),now()
257,2,1,6,56,FALSE ,0.00, 0.00, 0.00, 0.00, 0.00, ,now(),now()
258,2,1,6,56,FALSE ,0.00, 0.00, 0.00, 0.00, 0.00, ,now(),now()
259,2,1,6,56,FALSE ,0.00, 0.00, 0.00, 0.00, 0.00, ,now(),now()
260,2,1,6,56,FALSE ,0.00, 0.00, 0.00, 0.00, 0.00, ,now(),now()
261,2,1,6,56,FALSE ,0.00, 0.00, 0.00, 0.00, 0.00, ,now(),now()
262,2,1,6,56,FALSE ,0.00, 0.00, 0.00, 0.00, 0.00, ,now(),now()
263,2,1,6,56,FALSE ,0.00, 0.00, 0.00, 0.00, 0.00, ,now(),now()
264,2,1,6,56,FALSE ,0.00, 0.00, 0.00, 0.00, 0.00, ,now(),now()
265,2,1,6,56,FALSE ,0.00, 0.00, 0.00, 0.00, 0.00, ,now(),now()
266,2,1,6,56,FALSE ,0.00, 0.00, 0.00, 0.00, 0.00, ,now(),now()
267,2,1,6,56,FALSE ,0.00, 0.00, 0.00, 0.00, 0.00, ,now(),now()
268,2,1,6,56,FALSE ,0.00, 0.00, 0.00, 0.00, 0.00, ,now(),now()
269,2,1,6,56,FALSE ,0.00, 0.00, 0.00, 0.00, 0.00, ,now(),now()
270,2,1,6,56,FALSE ,0.00, 0.00, 0.00, 0.00, 0.00, ,now(),now()
271,2,1,6,56,FALSE ,0.00, 0.00, 0.00, 0.00, 0.00, ,now(),now()
272,2,1,6,56,FALSE ,0.00, 0.00, 0.00, 0.00, 0.00, ,now(),now()
273,2,1,6,56,FALSE ,0.00, 0.00, 0.00, 0.00, 0.00, ,now(),now()
274,2,1,6,56,FALSE ,0.00, 0.00, 0.00, 0.00, 0.00, ,now(),now()
275,2,1,6,56,FALSE ,0.00, 0.00, 0.00, 0.00, 0.00, ,now(),now()
276,2,1,6,56,FALSE ,0.00, 0.00, 0.00, 0.00, 0.00, ,now(),now()
277,2,1,6,56,FALSE ,0.00, 0.00, 0.00, 0.00, 0.00, ,now(),now()
278,2,1,6,56,FALSE ,0.00, 0.00, 0.00, 0.00, 0.00, ,now(),now()
279,2,1,12,52,FALSE ,0.00, 0.00, 0.00, 0.00, 0.00, ,now(),now()
280,2,1,12,52,FALSE ,0.00, 0.00, 0.00, 0.00, 0.00, ,now(),now()
281,2,1,12,52,FALSE ,0.00, 0.00, 0.00, 0.00, 0.00, ,now(),now()
282,2,1,12,52,FALSE ,0.00, 0.00, 0.00, 0.00, 0.00, ,now(),now()
283,2,1,12,52,FALSE ,0.00, 0.00, 0.00, 0.00, 0.00, ,now(),now()
284,2,1,12,52,FALSE ,0.00, 0.00, 0.00, 0.00, 0.00, ,now(),now()
285,2,1,12,52,FALSE ,0.00, 0.00, 0.00, 0.00, 0.00, ,now(),now()
286,2,1,12,52,FALSE ,0.00, 0.00, 0.00, 0.00, 0.00, ,now(),now()
287,2,1,12,52,FALSE ,0.00, 0.00, 0.00, 0.00, 0.00, ,now(),now()
288,2,1,12,52,FALSE ,0.00, 0.00, 0.00, 0.00, 0.00, ,now(),now()
289,2,1,12,52,FALSE ,0.00, 0.00, 0.00, 0.00, 0.00, ,now(),now()
290,2,1,12,52,FALSE ,0.00, 0.00, 0.00, 0.00, 0.00, ,now(),now()
291,2,1,12,52,FALSE ,0.00, 0.00, 0.00, 0.00, 0.00, ,now(),now()
292,2,1,12,52,FALSE ,0.00, 0.00, 0.00, 0.00, 0.00, ,now(),now()
293,2,1,12,52,FALSE ,0.00, 0.00, 0.00, 0.00, 0.00, ,now(),now()
294,2,1,12,52,FALSE ,0.00, 0.00, 0.00, 0.00, 0.00, ,now(),now()
295,2,1,12,52,FALSE ,0.00, 0.00, 0.00, 0.00, 0.00, ,now(),now()
296,2,1,12,52,FALSE ,0.00, 0.00, 0.00, 0.00, 0.00, ,now(),now()
297,2,1,12,52,FALSE ,0.00, 0.00, 0.00, 0.00, 0.00, ,now(),now()
298,2,1,12,52,FALSE ,0.00, 0.00, 0.00, 0.00, 0.00, ,now(),now()
299,2,1,12,52,FALSE ,0.00, 0.00, 0.00, 0.00, 0.00, ,now(),now()
300,2,1,12,52,FALSE ,0.00, 0.00, 0.00, 0.00, 0.00, ,now(),now()
301,2,1,12,52,FALSE ,0.00, 0.00, 0.00, 0.00, 0.00, ,now(),now()
302,2,1,12,52,FALSE ,0.00, 0.00, 0.00, 0.00, 0.00, ,now(),now()
303,2,1,12,52,FALSE ,0.00, 0.00, 0.00, 0.00, 0.00, ,now(),now()
304,2,1,12,52,FALSE ,0.00, 0.00, 0.00, 0.00, 0.00, ,now(),now()
305,2,1,12,52,FALSE ,0.00, 0.00, 0.00, 0.00, 0.00, ,now(),now()
306,2,1,12,52,FALSE ,0.00, 0.00, 0.00, 0.00, 0.00, ,now(),now()
307,2,1,12,52,FALSE ,0.00, 0.00, 0.00, 0.00, 0.00, ,now(),now()
308,2,1,12,52,FALSE ,0.00, 0.00, 0.00, 0.00, 0.00, ,now(),now()
309,2,1,12,52,FALSE ,0.00, 0.00, 0.00, 0.00, 0.00, ,now(),now()
310,2,1,12,52,FALSE ,0.00, 0.00, 0.00, 0.00, 0.00, ,now(),now()
311,2,1,12,52,FALSE ,0.00, 0.00, 0.00, 0.00, 0.00, ,now(),now()
312,2,1,12,52,FALSE ,0.00, 0.00, 0.00, 0.00, 0.00, ,now(),now()
313,2,1,12,52,FALSE ,0.00, 0.00, 0.00, 0.00, 0.00, ,now(),now()
314,2,1,12,52,FALSE ,0.00, 0.00, 0.00, 0.00, 0.00, ,now(),now()
315,2,1,12,52,FALSE ,0.00, 0.00, 0.00, 0.00, 0.00, ,now(),now()
316,2,1,12,52,FALSE ,0.00, 0.00, 0.00, 0.00, 0.00, ,now(),now()
317,2,1,12,52,FALSE ,0.00, 0.00, 0.00, 0.00, 0.00, ,now(),now()
318,2,1,12,52,FALSE ,0.00, 0.00, 0.00, 0.00, 0.00, ,now(),now()
319,2,1,12,52,FALSE ,0.00, 0.00, 0.00, 0.00, 0.00, ,now(),now()
320,2,1,12,52,FALSE ,0.00, 0.00, 0.00, 0.00, 0.00, ,now(),now()
321,2,1,12,52,FALSE ,0.00, 0.00, 0.00, 0.00, 0.00, ,now(),now()
322,2,1,12,52,FALSE ,0.00, 0.00, 0.00, 0.00, 0.00, ,now(),now()
323,2,1,12,52,FALSE ,0.00, 0.00, 0.00, 0.00, 0.00, ,now(),now()
324,2,1,12,52,FALSE ,0.00, 0.00, 0.00, 0.00, 0.00, ,now(),now()
325,2,1,12,52,FALSE ,0.00, 0.00, 0.00, 0.00, 0.00, ,now(),now()
326,2,1,12,52,FALSE ,0.00, 0.00, 0.00, 0.00, 0.00, ,now(),now()
327,2,1,12,52,FALSE ,0.00, 0.00, 0.00, 0.00, 0.00, ,now(),now()
328,2,1,12,52,FALSE ,0.00, 0.00, 0.00, 0.00, 0.00, ,now(),now()
329,2,1,12,52,FALSE ,0.00, 0.00, 0.00, 0.00, 0.00, ,now(),now()
330,2,1,12,52,FALSE ,0.00, 0.00, 0.00, 0.00, 0.00, ,now(),now()
331,2,1,12,52,FALSE ,0.00, 0.00, 0.00, 0.00, 0.00, ,now(),now()
332,2,1,12,52,FALSE ,0.00, 0.00, 0.00, 0.00, 0.00, ,now(),now()
333,2,1,12,52,FALSE ,0.00, 0.00, 0.00, 0.00, 0.00, ,now(),now()
334,2,1,12,52,FALSE ,0.00, 0.00, 0.00, 0.00, 0.00, ,now(),now()
335,2,1,12,52,FALSE ,0.00, 0.00, 0.00, 0.00, 0.00, ,now(),now()
336,2,1,12,52,FALSE ,0.00, 0.00, 0.00, 0.00, 0.00, ,now(),now()
337,2,1,12,52,FALSE ,0.00, 0.00, 0.00, 0.00, 0.00, ,now(),now()
338,2,1,11,53,FALSE ,0.00, 0.00, 0.00, 0.00, 0.00, ,now(),now()
339,2,1,11,53,FALSE ,0.00, 0.00, 0.00, 0.00, 0.00, ,now(),now()
340,2,1,11,53,FALSE ,0.00, 0.00, 0.00, 0.00, 0.00, ,now(),now()
341,2,1,11,53,FALSE ,0.00, 0.00, 0.00, 0.00, 0.00, ,now(),now()
342,2,1,11,53,FALSE ,0.00, 0.00, 0.00, 0.00, 0.00, ,now(),now()
343,2,1,11,53,FALSE ,0.00, 0.00, 0.00, 0.00, 0.00, ,now(),now()
344,2,1,11,53,FALSE ,0.00, 0.00, 0.00, 0.00, 0.00, ,now(),now()
345,2,1,11,53,FALSE ,0.00, 0.00, 0.00, 0.00, 0.00, ,now(),now()
346,2,1,11,53,FALSE ,0.00, 0.00, 0.00, 0.00, 0.00, ,now(),now()
347,2,1,11,53,FALSE ,0.00, 0.00, 0.00, 0.00, 0.00, ,now(),now()
348,2,1,11,53,FALSE ,0.00, 0.00, 0.00, 0.00, 0.00, ,now(),now()
349,2,1,11,53,FALSE ,0.00, 0.00, 0.00, 0.00, 0.00, ,now(),now()
350,2,1,11,53,FALSE ,0.00, 0.00, 0.00, 0.00, 0.00, ,now(),now()
351,2,1,11,53,FALSE ,0.00, 0.00, 0.00, 0.00, 0.00, ,now(),now()
352,2,1,11,53,FALSE ,0.00, 0.00, 0.00, 0.00, 0.00, ,now(),now()
353,2,1,11,53,FALSE ,0.00, 0.00, 0.00, 0.00, 0.00, ,now(),now()
354,2,1,11,53,FALSE ,0.00, 0.00, 0.00, 0.00, 0.00, ,now(),now()
355,2,1,11,53,FALSE ,0.00, 0.00, 0.00, 0.00, 0.00, ,now(),now()
356,2,1,11,53,FALSE ,0.00, 0.00, 0.00, 0.00, 0.00, ,now(),now()
357,2,1,11,53,FALSE ,0.00, 0.00, 0.00, 0.00, 0.00, ,now(),now()
358,2,1,11,53,FALSE ,0.00, 0.00, 0.00, 0.00, 0.00, ,now(),now()
359,2,1,11,53,FALSE ,0.00, 0.00, 0.00, 0.00, 0.00, ,now(),now()
360,2,1,11,53,FALSE ,0.00, 0.00, 0.00, 0.00, 0.00, ,now(),now()
361,2,1,11,53,FALSE ,0.00, 0.00, 0.00, 0.00, 0.00, ,now(),now()
362,2,1,11,53,FALSE ,0.00, 0.00, 0.00, 0.00, 0.00, ,now(),now()
363,2,1,11,53,FALSE ,0.00, 0.00, 0.00, 0.00, 0.00, ,now(),now()
364,2,1,11,53,FALSE ,0.00, 0.00, 0.00, 0.00, 0.00, ,now(),now()
365,2,1,11,53,FALSE ,0.00, 0.00, 0.00, 0.00, 0.00, ,now(),now()
366,2,1,11,53,FALSE ,0.00, 0.00, 0.00, 0.00, 0.00, ,now(),now()
367,2,1,11,53,FALSE ,0.00, 0.00, 0.00, 0.00, 0.00, ,now(),now()
368,2,1,11,53,FALSE ,0.00, 0.00, 0.00, 0.00, 0.00, ,now(),now()
369,2,1,11,53,FALSE ,0.00, 0.00, 0.00, 0.00, 0.00, ,now(),now()
370,2,1,11,53,FALSE ,0.00, 0.00, 0.00, 0.00, 0.00, ,now(),now()
371,2,1,11,53,FALSE ,0.00, 0.00, 0.00, 0.00, 0.00, ,now(),now()
372,2,1,11,53,FALSE ,0.00, 0.00, 0.00, 0.00, 0.00, ,now(),now()
373,2,1,11,53,FALSE ,0.00, 0.00, 0.00, 0.00, 0.00, ,now(),now()
374,2,1,11,53,FALSE ,0.00, 0.00, 0.00, 0.00, 0.00, ,now(),now()
375,2,1,11,53,FALSE ,0.00, 0.00, 0.00, 0.00, 0.00, ,now(),now()
376,2,1,11,53,FALSE ,0.00, 0.00, 0.00, 0.00, 0.00, ,now(),now()
377,2,1,11,53,FALSE ,0.00, 0.00, 0.00, 0.00, 0.00, ,now(),now()
378,2,1,11,53,FALSE ,0.00, 0.00, 0.00, 0.00, 0.00, ,now(),now()
379,2,1,11,53,FALSE ,0.00, 0.00, 0.00, 0.00, 0.00, ,now(),now()
380,2,1,11,53,FALSE ,0.00, 0.00, 0.00, 0.00, 0.00, ,now(),now()
381,2,1,11,53,FALSE ,0.00, 0.00, 0.00, 0.00, 0.00, ,now(),now()
382,2,1,11,53,FALSE ,0.00, 0.00, 0.00, 0.00, 0.00, ,now(),now()
383,2,1,11,53,FALSE ,0.00, 0.00, 0.00, 0.00, 0.00, ,now(),now()
384,2,1,11,53,FALSE ,0.00, 0.00, 0.00, 0.00, 0.00, ,now(),now()
385,2,1,11,53,FALSE ,0.00, 0.00, 0.00, 0.00, 0.00, ,now(),now()
386,2,1,11,53,FALSE ,0.00, 0.00, 0.00, 0.00, 0.00, ,now(),now()
387,2,1,11,53,FALSE ,0.00, 0.00, 0.00, 0.00, 0.00, ,now(),now()
388,2,1,11,53,FALSE ,0.00, 0.00, 0.00, 0.00, 0.00, ,now(),now()
389,2,1,11,53,FALSE ,0.00, 0.00, 0.00, 0.00, 0.00, ,now(),now()
390,2,1,11,53,FALSE ,0.00, 0.00, 0.00, 0.00, 0.00, ,now(),now()
391,2,1,11,53,FALSE ,0.00, 0.00, 0.00, 0.00, 0.00, ,now(),now()
392,2,1,11,53,FALSE ,0.00, 0.00, 0.00, 0.00, 0.00, ,now(),now()
393,2,1,11,53,FALSE ,0.00, 0.00, 0.00, 0.00, 0.00, ,now(),now()
394,2,1,11,53,FALSE ,0.00, 0.00, 0.00, 0.00, 0.00, ,now(),now()
395,2,1,11,56,FALSE ,0.00, 0.00, 0.00, 0.00, 0.00, ,now(),now()
396,2,1,11,56,FALSE ,0.00, 0.00, 0.00, 0.00, 0.00, ,now(),now()
397,2,1,11,56,FALSE ,0.00, 0.00, 0.00, 0.00, 0.00, ,now(),now()
398,2,1,11,56,FALSE ,0.00, 0.00, 0.00, 0.00, 0.00, ,now(),now()
399,2,1,11,56,FALSE ,0.00, 0.00, 0.00, 0.00, 0.00, ,now(),now()
400,2,1,11,56,FALSE ,0.00, 0.00, 0.00, 0.00, 0.00, ,now(),now()
401,2,1,11,56,FALSE ,0.00, 0.00, 0.00, 0.00, 0.00, ,now(),now()
402,2,1,11,56,FALSE ,0.00, 0.00, 0.00, 0.00, 0.00, ,now(),now()
403,2,1,11,56,FALSE ,0.00, 0.00, 0.00, 0.00, 0.00, ,now(),now()
404,2,1,11,56,FALSE ,0.00, 0.00, 0.00, 0.00, 0.00, ,now(),now()
405,2,1,11,56,FALSE ,0.00, 0.00, 0.00, 0.00, 0.00, ,now(),now()
406,2,1,11,56,FALSE ,0.00, 0.00, 0.00, 0.00, 0.00, ,now(),now()
407,2,1,1,29,FALSE ,0.00, 0.00, 0.00, 0.00, 0.00, ,now(),now()
408,2,1,1,29,FALSE ,0.00, 0.00, 0.00, 0.00, 0.00, ,now(),now()
409,2,1,1,29,FALSE ,0.00, 0.00, 0.00, 0.00, 0.00, ,now(),now()
410,2,1,1,29,FALSE ,0.00, 0.00, 0.00, 0.00, 0.00, ,now(),now()
411,2,1,1,29,FALSE ,0.00, 0.00, 0.00, 0.00, 0.00, ,now(),now()
412,2,1,1,29,FALSE ,0.00, 0.00, 0.00, 0.00, 0.00, ,now(),now()
413,2,1,1,29,FALSE ,0.00, 0.00, 0.00, 0.00, 0.00, ,now(),now()
414,2,1,1,29,FALSE ,0.00, 0.00, 0.00, 0.00, 0.00, ,now(),now()
415,2,1,1,29,FALSE ,0.00, 0.00, 0.00, 0.00, 0.00, ,now(),now()
416,2,1,1,29,FALSE ,0.00, 0.00, 0.00, 0.00, 0.00, ,now(),now()
417,2,1,1,29,FALSE ,0.00, 0.00, 0.00, 0.00, 0.00, ,now(),now()
418,2,1,1,29,FALSE ,0.00, 0.00, 0.00, 0.00, 0.00, ,now(),now()
419,2,1,1,29,FALSE ,0.00, 0.00, 0.00, 0.00, 0.00, ,now(),now()
420,2,1,1,29,FALSE ,0.00, 0.00, 0.00, 0.00, 0.00, ,now(),now()
421,2,1,1,29,FALSE ,0.00, 0.00, 0.00, 0.00, 0.00, ,now(),now()
422,2,1,1,29,FALSE ,0.00, 0.00, 0.00, 0.00, 0.00, ,now(),now()
423,2,1,1,29,FALSE ,0.00, 0.00, 0.00, 0.00, 0.00, ,now(),now()
424,2,1,1,29,FALSE ,0.00, 0.00, 0.00, 0.00, 0.00, ,now(),now()
425,2,1,1,29,FALSE ,0.00, 0.00, 0.00, 0.00, 0.00, ,now(),now()
426,2,1,1,29,FALSE ,0.00, 0.00, 0.00, 0.00, 0.00, ,now(),now()
427,2,1,1,29,FALSE ,0.00, 0.00, 0.00, 0.00, 0.00, ,now(),now()
428,2,1,1,29,FALSE ,0.00, 0.00, 0.00, 0.00, 0.00, ,now(),now()
429,2,1,1,29,FALSE ,0.00, 0.00, 0.00, 0.00, 0.00, ,now(),now()
430,2,1,1,29,FALSE ,0.00, 0.00, 0.00, 0.00, 0.00, ,now(),now()
431,2,1,1,29,FALSE ,0.00, 0.00, 0.00, 0.00, 0.00, ,now(),now()
432,2,1,1,29,FALSE ,0.00, 0.00, 0.00, 0.00, 0.00, ,now(),now()
433,2,1,1,29,FALSE ,0.00, 0.00, 0.00, 0.00, 0.00, ,now(),now()
434,2,1,1,29,FALSE ,0.00, 0.00, 0.00, 0.00, 0.00, ,now(),now()
435,2,1,1,29,FALSE ,0.00, 0.00, 0.00, 0.00, 0.00, ,now(),now()
436,2,1,1,29,FALSE ,0.00, 0.00, 0.00, 0.00, 0.00, ,now(),now()
437,2,1,1,29,FALSE ,0.00, 0.00, 0.00, 0.00, 0.00, ,now(),now()
438,2,1,1,29,FALSE ,0.00, 0.00, 0.00, 0.00, 0.00, ,now(),now()
439,2,1,1,29,FALSE ,0.00, 0.00, 0.00, 0.00, 0.00, ,now(),now()
440,2,1,1,29,FALSE ,0.00, 0.00, 0.00, 0.00, 0.00, ,now(),now()
441,2,1,1,29,FALSE ,0.00, 0.00, 0.00, 0.00, 0.00, ,now(),now()
442,2,1,1,29,FALSE ,0.00, 0.00, 0.00, 0.00, 0.00, ,now(),now()
443,2,1,1,29,FALSE ,0.00, 0.00, 0.00, 0.00, 0.00, ,now(),now()
444,2,1,1,29,FALSE ,0.00, 0.00, 0.00, 0.00, 0.00, ,now(),now()
445,2,1,1,29,FALSE ,0.00, 0.00, 0.00, 0.00, 0.00, ,now(),now()
446,2,1,1,29,FALSE ,0.00, 0.00, 0.00, 0.00, 0.00, ,now(),now()
447,2,1,1,29,FALSE ,0.00, 0.00, 0.00, 0.00, 0.00, ,now(),now()
448,2,1,1,29,FALSE ,0.00, 0.00, 0.00, 0.00, 0.00, ,now(),now()
449,2,1,1,29,FALSE ,0.00, 0.00, 0.00, 0.00, 0.00, ,now(),now()
450,2,1,1,29,FALSE ,0.00, 0.00, 0.00, 0.00, 0.00, ,now(),now()
451,2,1,1,29,FALSE ,0.00, 0.00, 0.00, 0.00, 0.00, ,now(),now()
452,2,1,1,29,FALSE ,0.00, 0.00, 0.00, 0.00, 0.00, ,now(),now()
453,2,1,1,29,FALSE ,0.00, 0.00, 0.00, 0.00, 0.00, ,now(),now()
454,2,1,1,29,FALSE ,0.00, 0.00, 0.00, 0.00, 0.00, ,now(),now()
455,2,1,1,29,FALSE ,0.00, 0.00, 0.00, 0.00, 0.00, ,now(),now()
456,2,1,1,29,FALSE ,0.00, 0.00, 0.00, 0.00, 0.00, ,now(),now()
457,2,1,1,29,FALSE ,0.00, 0.00, 0.00, 0.00, 0.00, ,now(),now()
458,2,1,1,29,FALSE ,0.00, 0.00, 0.00, 0.00, 0.00, ,now(),now()
459,2,1,1,29,FALSE ,0.00, 0.00, 0.00, 0.00, 0.00, ,now(),now()
460,2,1,1,29,FALSE ,0.00, 0.00, 0.00, 0.00, 0.00, ,now(),now()
461,2,1,1,29,FALSE ,0.00, 0.00, 0.00, 0.00, 0.00, ,now(),now()
462,2,1,1,29,FALSE ,0.00, 0.00, 0.00, 0.00, 0.00, ,now(),now()
463,2,1,1,29,FALSE ,0.00, 0.00, 0.00, 0.00, 0.00, ,now(),now()
464,2,1,1,29,FALSE ,0.00, 0.00, 0.00, 0.00, 0.00, ,now(),now()
465,2,1,1,30,FALSE ,0.00, 0.00, 0.00, 0.00, 0.00, ,now(),now()
466,2,1,1,30,FALSE ,0.00, 0.00, 0.00, 0.00, 0.00, ,now(),now()
467,2,1,1,30,FALSE ,0.00, 0.00, 0.00, 0.00, 0.00, ,now(),now()
468,2,1,1,30,FALSE ,0.00, 0.00, 0.00, 0.00, 0.00, ,now(),now()
469,2,1,1,30,FALSE ,0.00, 0.00, 0.00, 0.00, 0.00, ,now(),now()
470,2,1,1,30,FALSE ,0.00, 0.00, 0.00, 0.00, 0.00, ,now(),now()
471,2,1,1,30,FALSE ,0.00, 0.00, 0.00, 0.00, 0.00, ,now(),now()
472,2,1,1,30,FALSE ,0.00, 0.00, 0.00, 0.00, 0.00, ,now(),now()
473,2,1,1,30,FALSE ,0.00, 0.00, 0.00, 0.00, 0.00, ,now(),now()
474,2,1,1,30,FALSE ,0.00, 0.00, 0.00, 0.00, 0.00, ,now(),now()
475,2,1,1,30,FALSE ,0.00, 0.00, 0.00, 0.00, 0.00, ,now(),now()
476,2,1,1,30,FALSE ,0.00, 0.00, 0.00, 0.00, 0.00, ,now(),now()
477,2,1,1,30,FALSE ,0.00, 0.00, 0.00, 0.00, 0.00, ,now(),now()
478,2,1,1,30,FALSE ,0.00, 0.00, 0.00, 0.00, 0.00, ,now(),now()
479,2,1,1,30,FALSE ,0.00, 0.00, 0.00, 0.00, 0.00, ,now(),now()
480,2,1,1,30,FALSE ,0.00, 0.00, 0.00, 0.00, 0.00, ,now(),now()
481,2,1,1,30,FALSE ,0.00, 0.00, 0.00, 0.00, 0.00, ,now(),now()
482,2,1,1,30,FALSE ,0.00, 0.00, 0.00, 0.00, 0.00, ,now(),now()
483,2,1,1,30,FALSE ,0.00, 0.00, 0.00, 0.00, 0.00, ,now(),now()
484,2,1,1,30,FALSE ,0.00, 0.00, 0.00, 0.00, 0.00, ,now(),now()
485,2,1,1,30,FALSE ,0.00, 0.00, 0.00, 0.00, 0.00, ,now(),now()
486,2,1,1,30,FALSE ,0.00, 0.00, 0.00, 0.00, 0.00, ,now(),now()
487,2,1,1,30,FALSE ,0.00, 0.00, 0.00, 0.00, 0.00, ,now(),now()
488,2,1,1,30,FALSE ,0.00, 0.00, 0.00, 0.00, 0.00, ,now(),now()
489,2,1,1,30,FALSE ,0.00, 0.00, 0.00, 0.00, 0.00, ,now(),now()
490,2,1,1,30,FALSE ,0.00, 0.00, 0.00, 0.00, 0.00, ,now(),now()
491,2,1,1,30,FALSE ,0.00, 0.00, 0.00, 0.00, 0.00, ,now(),now()
492,2,1,1,30,FALSE ,0.00, 0.00, 0.00, 0.00, 0.00, ,now(),now()
493,2,1,1,30,FALSE ,0.00, 0.00, 0.00, 0.00, 0.00, ,now(),now()
494,2,1,1,30,FALSE ,0.00, 0.00, 0.00, 0.00, 0.00, ,now(),now()
495,2,1,1,30,FALSE ,0.00, 0.00, 0.00, 0.00, 0.00, ,now(),now()
496,2,1,1,30,FALSE ,0.00, 0.00, 0.00, 0.00, 0.00, ,now(),now()
497,2,1,1,30,FALSE ,0.00, 0.00, 0.00, 0.00, 0.00, ,now(),now()
498,2,1,1,30,FALSE ,0.00, 0.00, 0.00, 0.00, 0.00, ,now(),now()
499,2,1,1,30,FALSE ,0.00, 0.00, 0.00, 0.00, 0.00, ,now(),now()
500,2,1,1,30,FALSE ,0.00, 0.00, 0.00, 0.00, 0.00, ,now(),now()
501,2,1,1,30,FALSE ,0.00, 0.00, 0.00, 0.00, 0.00, ,now(),now()
502,2,1,1,30,FALSE ,0.00, 0.00, 0.00, 0.00, 0.00, ,now(),now()
503,2,1,1,30,FALSE ,0.00, 0.00, 0.00, 0.00, 0.00, ,now(),now()
504,2,1,1,30,FALSE ,0.00, 0.00, 0.00, 0.00, 0.00, ,now(),now()
505,2,1,1,30,FALSE ,0.00, 0.00, 0.00, 0.00, 0.00, ,now(),now()
506,2,1,1,30,FALSE ,0.00, 0.00, 0.00, 0.00, 0.00, ,now(),now()
507,2,1,1,30,FALSE ,0.00, 0.00, 0.00, 0.00, 0.00, ,now(),now()
508,2,1,1,30,FALSE ,0.00, 0.00, 0.00, 0.00, 0.00, ,now(),now()
509,2,1,1,30,FALSE ,0.00, 0.00, 0.00, 0.00, 0.00, ,now(),now()
510,2,1,1,30,FALSE ,0.00, 0.00, 0.00, 0.00, 0.00, ,now(),now()
511,2,1,1,30,FALSE ,0.00, 0.00, 0.00, 0.00, 0.00, ,now(),now()
512,2,1,1,30,FALSE ,0.00, 0.00, 0.00, 0.00, 0.00, ,now(),now()
513,2,1,1,30,FALSE ,0.00, 0.00, 0.00, 0.00, 0.00, ,now(),now()
514,2,1,1,30,FALSE ,0.00, 0.00, 0.00, 0.00, 0.00, ,now(),now()
515,2,1,1,30,FALSE ,0.00, 0.00, 0.00, 0.00, 0.00, ,now(),now()
516,2,1,1,30,FALSE ,0.00, 0.00, 0.00, 0.00, 0.00, ,now(),now()
517,2,1,1,30,FALSE ,0.00, 0.00, 0.00, 0.00, 0.00, ,now(),now()
518,2,1,1,30,FALSE ,0.00, 0.00, 0.00, 0.00, 0.00, ,now(),now()
519,2,1,1,30,FALSE ,0.00, 0.00, 0.00, 0.00, 0.00, ,now(),now()
520,2,1,1,30,FALSE ,0.00, 0.00, 0.00, 0.00, 0.00, ,now(),now()
521,2,1,1,30,FALSE ,0.00, 0.00, 0.00, 0.00, 0.00, ,now(),now()
522,2,1,1,31,FALSE ,0.00, 0.00, 0.00, 0.00, 0.00, ,now(),now()
523,2,1,1,31,FALSE ,0.00, 0.00, 0.00, 0.00, 0.00, ,now(),now()
524,2,1,1,31,FALSE ,0.00, 0.00, 0.00, 0.00, 0.00, ,now(),now()
525,2,1,1,31,FALSE ,0.00, 0.00, 0.00, 0.00, 0.00, ,now(),now()
526,2,1,1,31,FALSE ,0.00, 0.00, 0.00, 0.00, 0.00, ,now(),now()
527,2,1,1,31,FALSE ,0.00, 0.00, 0.00, 0.00, 0.00, ,now(),now()
528,2,1,1,31,FALSE ,0.00, 0.00, 0.00, 0.00, 0.00, ,now(),now()
529,2,1,1,31,FALSE ,0.00, 0.00, 0.00, 0.00, 0.00, ,now(),now()
530,2,1,1,31,FALSE ,0.00, 0.00, 0.00, 0.00, 0.00, ,now(),now()
531,2,1,1,31,FALSE ,0.00, 0.00, 0.00, 0.00, 0.00, ,now(),now()
532,2,1,1,31,FALSE ,0.00, 0.00, 0.00, 0.00, 0.00, ,now(),now()
533,2,1,1,31,FALSE ,0.00, 0.00, 0.00, 0.00, 0.00, ,now(),now()
534,2,1,1,31,FALSE ,0.00, 0.00, 0.00, 0.00, 0.00, ,now(),now()
535,2,1,1,31,FALSE ,0.00, 0.00, 0.00, 0.00, 0.00, ,now(),now()
536,2,1,1,31,FALSE ,0.00, 0.00, 0.00, 0.00, 0.00, ,now(),now()
537,2,1,1,31,FALSE ,0.00, 0.00, 0.00, 0.00, 0.00, ,now(),now()
538,2,1,1,31,FALSE ,0.00, 0.00, 0.00, 0.00, 0.00, ,now(),now()
539,2,1,1,31,FALSE ,0.00, 0.00, 0.00, 0.00, 0.00, ,now(),now()
540,2,1,1,31,FALSE ,0.00, 0.00, 0.00, 0.00, 0.00, ,now(),now()
541,2,1,1,31,FALSE ,0.00, 0.00, 0.00, 0.00, 0.00, ,now(),now()
542,2,1,1,31,FALSE ,0.00, 0.00, 0.00, 0.00, 0.00, ,now(),now()
543,2,1,1,31,FALSE ,0.00, 0.00, 0.00, 0.00, 0.00, ,now(),now()
544,2,1,1,31,FALSE ,0.00, 0.00, 0.00, 0.00, 0.00, ,now(),now()
545,2,1,1,31,FALSE ,0.00, 0.00, 0.00, 0.00, 0.00, ,now(),now()
546,2,1,1,31,FALSE ,0.00, 0.00, 0.00, 0.00, 0.00, ,now(),now()
547,2,1,1,31,FALSE ,0.00, 0.00, 0.00, 0.00, 0.00, ,now(),now()
548,2,1,1,31,FALSE ,0.00, 0.00, 0.00, 0.00, 0.00, ,now(),now()
549,2,1,1,31,FALSE ,0.00, 0.00, 0.00, 0.00, 0.00, ,now(),now()
550,2,1,1,31,FALSE ,0.00, 0.00, 0.00, 0.00, 0.00, ,now(),now()
551,2,1,1,31,FALSE ,0.00, 0.00, 0.00, 0.00, 0.00, ,now(),now()
552,2,1,1,31,FALSE ,0.00, 0.00, 0.00, 0.00, 0.00, ,now(),now()
553,2,1,1,31,FALSE ,0.00, 0.00, 0.00, 0.00, 0.00, ,now(),now()
554,2,1,1,31,FALSE ,0.00, 0.00, 0.00, 0.00, 0.00, ,now(),now()
555,2,1,1,31,FALSE ,0.00, 0.00, 0.00, 0.00, 0.00, ,now(),now()
556,2,1,1,31,FALSE ,0.00, 0.00, 0.00, 0.00, 0.00, ,now(),now()
557,2,1,1,31,FALSE ,0.00, 0.00, 0.00, 0.00, 0.00, ,now(),now()
558,2,1,1,31,FALSE ,0.00, 0.00, 0.00, 0.00, 0.00, ,now(),now()
559,2,1,1,31,FALSE ,0.00, 0.00, 0.00, 0.00, 0.00, ,now(),now()
560,2,1,1,31,FALSE ,0.00, 0.00, 0.00, 0.00, 0.00, ,now(),now()
561,2,1,1,31,FALSE ,0.00, 0.00, 0.00, 0.00, 0.00, ,now(),now()
562,2,1,1,31,FALSE ,0.00, 0.00, 0.00, 0.00, 0.00, ,now(),now()
563,2,1,1,31,FALSE ,0.00, 0.00, 0.00, 0.00, 0.00, ,now(),now()
564,2,1,1,31,FALSE ,0.00, 0.00, 0.00, 0.00, 0.00, ,now(),now()
565,2,1,1,31,FALSE ,0.00, 0.00, 0.00, 0.00, 0.00, ,now(),now()
566,2,1,1,31,FALSE ,0.00, 0.00, 0.00, 0.00, 0.00, ,now(),now()
567,2,1,1,31,FALSE ,0.00, 0.00, 0.00, 0.00, 0.00, ,now(),now()
568,2,1,1,31,FALSE ,0.00, 0.00, 0.00, 0.00, 0.00, ,now(),now()
569,2,1,1,31,FALSE ,0.00, 0.00, 0.00, 0.00, 0.00, ,now(),now()
570,2,1,1,31,FALSE ,0.00, 0.00, 0.00, 0.00, 0.00, ,now(),now()
571,2,1,1,31,FALSE ,0.00, 0.00, 0.00, 0.00, 0.00, ,now(),now()
572,2,1,1,31,FALSE ,0.00, 0.00, 0.00, 0.00, 0.00, ,now(),now()
573,2,1,1,31,FALSE ,0.00, 0.00, 0.00, 0.00, 0.00, ,now(),now()
574,2,1,1,31,FALSE ,0.00, 0.00, 0.00, 0.00, 0.00, ,now(),now()
575,2,1,1,31,FALSE ,0.00, 0.00, 0.00, 0.00, 0.00, ,now(),now()
576,2,1,1,31,FALSE ,0.00, 0.00, 0.00, 0.00, 0.00, ,now(),now()
577,2,1,1,31,FALSE ,0.00, 0.00, 0.00, 0.00, 0.00, ,now(),now()
578,2,1,1,31,FALSE ,0.00, 0.00, 0.00, 0.00, 0.00, ,now(),now()
579,2,1,1,41,FALSE ,0.00, 0.00, 0.00, 0.00, 0.00, ,now(),now()
580,2,1,1,41,FALSE ,0.00, 0.00, 0.00, 0.00, 0.00, ,now(),now()
581,2,1,1,41,FALSE ,0.00, 0.00, 0.00, 0.00, 0.00, ,now(),now()
582,2,1,1,41,FALSE ,0.00, 0.00, 0.00, 0.00, 0.00, ,now(),now()
583,2,1,1,41,FALSE ,0.00, 0.00, 0.00, 0.00, 0.00, ,now(),now()
584,2,1,1,41,FALSE ,0.00, 0.00, 0.00, 0.00, 0.00, ,now(),now()
585,2,1,1,41,FALSE ,0.00, 0.00, 0.00, 0.00, 0.00, ,now(),now()
586,2,1,1,41,FALSE ,0.00, 0.00, 0.00, 0.00, 0.00, ,now(),now()
587,2,1,1,41,FALSE ,0.00, 0.00, 0.00, 0.00, 0.00, ,now(),now()
588,2,1,1,41,FALSE ,0.00, 0.00, 0.00, 0.00, 0.00, ,now(),now()
589,2,1,1,41,FALSE ,0.00, 0.00, 0.00, 0.00, 0.00, ,now(),now()
590,2,1,1,41,FALSE ,0.00, 0.00, 0.00, 0.00, 0.00, ,now(),now()
591,2,1,1,41,FALSE ,0.00, 0.00, 0.00, 0.00, 0.00, ,now(),now()
592,2,1,1,41,FALSE ,0.00, 0.00, 0.00, 0.00, 0.00, ,now(),now()
593,2,1,1,41,FALSE ,0.00, 0.00, 0.00, 0.00, 0.00, ,now(),now()
594,2,1,1,41,FALSE ,0.00, 0.00, 0.00, 0.00, 0.00, ,now(),now()
595,2,1,1,41,FALSE ,0.00, 0.00, 0.00, 0.00, 0.00, ,now(),now()
596,2,1,1,41,FALSE ,0.00, 0.00, 0.00, 0.00, 0.00, ,now(),now()
597,2,1,1,41,FALSE ,0.00, 0.00, 0.00, 0.00, 0.00, ,now(),now()
598,2,1,1,41,FALSE ,0.00, 0.00, 0.00, 0.00, 0.00, ,now(),now()
599,2,1,1,41,FALSE ,0.00, 0.00, 0.00, 0.00, 0.00, ,now(),now()
600,2,1,1,41,FALSE ,0.00, 0.00, 0.00, 0.00, 0.00, ,now(),now()
601,2,1,1,41,FALSE ,0.00, 0.00, 0.00, 0.00, 0.00, ,now(),now()
602,2,1,1,41,FALSE ,0.00, 0.00, 0.00, 0.00, 0.00, ,now(),now()
603,2,1,1,41,FALSE ,0.00, 0.00, 0.00, 0.00, 0.00, ,now(),now()
604,2,1,4,35,FALSE ,0.00, 0.00, 0.00, 0.00, 0.00, ,now(),now()
605,2,1,4,35,FALSE ,0.00, 0.00, 0.00, 0.00, 0.00, ,now(),now()
606,2,1,4,35,FALSE ,0.00, 0.00, 0.00, 0.00, 0.00, ,now(),now()
607,2,1,4,35,FALSE ,0.00, 0.00, 0.00, 0.00, 0.00, ,now(),now()
608,2,1,4,35,FALSE ,0.00, 0.00, 0.00, 0.00, 0.00, ,now(),now()
609,2,1,4,35,FALSE ,0.00, 0.00, 0.00, 0.00, 0.00, ,now(),now()
610,2,1,4,35,FALSE ,0.00, 0.00, 0.00, 0.00, 0.00, ,now(),now()
611,2,1,4,35,FALSE ,0.00, 0.00, 0.00, 0.00, 0.00, ,now(),now()
612,2,1,4,35,FALSE ,0.00, 0.00, 0.00, 0.00, 0.00, ,now(),now()
613,2,1,4,35,FALSE ,0.00, 0.00, 0.00, 0.00, 0.00, ,now(),now()
614,2,1,4,35,FALSE ,0.00, 0.00, 0.00, 0.00, 0.00, ,now(),now()
615,2,1,4,35,FALSE ,0.00, 0.00, 0.00, 0.00, 0.00, ,now(),now()
616,2,1,4,35,FALSE ,0.00, 0.00, 0.00, 0.00, 0.00, ,now(),now()
617,2,1,4,35,FALSE ,0.00, 0.00, 0.00, 0.00, 0.00, ,now(),now()
618,2,1,4,35,FALSE ,0.00, 0.00, 0.00, 0.00, 0.00, ,now(),now()
619,2,1,4,35,FALSE ,0.00, 0.00, 0.00, 0.00, 0.00, ,now(),now()
620,2,1,4,35,FALSE ,0.00, 0.00, 0.00, 0.00, 0.00, ,now(),now()
621,2,1,4,35,FALSE ,0.00, 0.00, 0.00, 0.00, 0.00, ,now(),now()
622,2,1,4,35,FALSE ,0.00, 0.00, 0.00, 0.00, 0.00, ,now(),now()
623,2,1,4,35,FALSE ,0.00, 0.00, 0.00, 0.00, 0.00, ,now(),now()
624,2,1,4,35,FALSE ,0.00, 0.00, 0.00, 0.00, 0.00, ,now(),now()
625,2,1,4,35,FALSE ,0.00, 0.00, 0.00, 0.00, 0.00, ,now(),now()
626,2,1,4,35,FALSE ,0.00, 0.00, 0.00, 0.00, 0.00, ,now(),now()
627,2,1,4,35,FALSE ,0.00, 0.00, 0.00, 0.00, 0.00, ,now(),now()
628,2,1,4,35,FALSE ,0.00, 0.00, 0.00, 0.00, 0.00, ,now(),now()
629,2,1,4,35,FALSE ,0.00, 0.00, 0.00, 0.00, 0.00, ,now(),now()
630,2,1,4,35,FALSE ,0.00, 0.00, 0.00, 0.00, 0.00, ,now(),now()
631,2,1,4,35,FALSE ,0.00, 0.00, 0.00, 0.00, 0.00, ,now(),now()
632,2,1,4,35,FALSE ,0.00, 0.00, 0.00, 0.00, 0.00, ,now(),now()
633,2,1,4,35,FALSE ,0.00, 0.00, 0.00, 0.00, 0.00, ,now(),now()
634,2,1,4,35,FALSE ,0.00, 0.00, 0.00, 0.00, 0.00, ,now(),now()
635,2,1,4,35,FALSE ,0.00, 0.00, 0.00, 0.00, 0.00, ,now(),now()
636,2,1,4,35,FALSE ,0.00, 0.00, 0.00, 0.00, 0.00, ,now(),now()
637,2,1,4,35,FALSE ,0.00, 0.00, 0.00, 0.00, 0.00, ,now(),now()
638,2,1,4,35,FALSE ,0.00, 0.00, 0.00, 0.00, 0.00, ,now(),now()
639,2,1,4,35,FALSE ,0.00, 0.00, 0.00, 0.00, 0.00, ,now(),now()
640,2,1,4,35,FALSE ,0.00, 0.00, 0.00, 0.00, 0.00, ,now(),now()
641,2,1,4,35,FALSE ,0.00, 0.00, 0.00, 0.00, 0.00, ,now(),now()
642,2,1,4,35,FALSE ,0.00, 0.00, 0.00, 0.00, 0.00, ,now(),now()
643,2,1,4,35,FALSE ,0.00, 0.00, 0.00, 0.00, 0.00, ,now(),now()
644,2,1,4,35,FALSE ,0.00, 0.00, 0.00, 0.00, 0.00, ,now(),now()
645,2,1,4,35,FALSE ,0.00, 0.00, 0.00, 0.00, 0.00, ,now(),now()
646,2,1,4,35,FALSE ,0.00, 0.00, 0.00, 0.00, 0.00, ,now(),now()
647,2,1,4,35,FALSE ,0.00, 0.00, 0.00, 0.00, 0.00, ,now(),now()
648,2,1,4,35,FALSE ,0.00, 0.00, 0.00, 0.00, 0.00, ,now(),now()
649,2,1,4,35,FALSE ,0.00, 0.00, 0.00, 0.00, 0.00, ,now(),now()
650,2,1,4,35,FALSE ,0.00, 0.00, 0.00, 0.00, 0.00, ,now(),now()
651,2,1,4,35,FALSE ,0.00, 0.00, 0.00, 0.00, 0.00, ,now(),now()
652,2,1,4,35,FALSE ,0.00, 0.00, 0.00, 0.00, 0.00, ,now(),now()
653,2,1,4,35,FALSE ,0.00, 0.00, 0.00, 0.00, 0.00, ,now(),now()
654,2,1,4,35,FALSE ,0.00, 0.00, 0.00, 0.00, 0.00, ,now(),now()
655,2,1,4,35,FALSE ,0.00, 0.00, 0.00, 0.00, 0.00, ,now(),now()
656,2,1,4,35,FALSE ,0.00, 0.00, 0.00, 0.00, 0.00, ,now(),now()
657,2,1,4,35,FALSE ,0.00, 0.00, 0.00, 0.00, 0.00, ,now(),now()
658,2,1,4,35,FALSE ,0.00, 0.00, 0.00, 0.00, 0.00, ,now(),now()
659,2,1,4,35,FALSE ,0.00, 0.00, 0.00, 0.00, 0.00, ,now(),now()
660,2,1,4,36,FALSE ,0.00, 0.00, 0.00, 0.00, 0.00, ,now(),now()
661,2,1,4,36,FALSE ,0.00, 0.00, 0.00, 0.00, 0.00, ,now(),now()
662,2,1,4,36,FALSE ,0.00, 0.00, 0.00, 0.00, 0.00, ,now(),now()
663,2,1,4,36,FALSE ,0.00, 0.00, 0.00, 0.00, 0.00, ,now(),now()
664,2,1,4,36,FALSE ,0.00, 0.00, 0.00, 0.00, 0.00, ,now(),now()
665,2,1,4,36,FALSE ,0.00, 0.00, 0.00, 0.00, 0.00, ,now(),now()
666,2,1,4,36,FALSE ,0.00, 0.00, 0.00, 0.00, 0.00, ,now(),now()
667,2,1,4,36,FALSE ,0.00, 0.00, 0.00, 0.00, 0.00, ,now(),now()
668,2,1,4,36,FALSE ,0.00, 0.00, 0.00, 0.00, 0.00, ,now(),now()
669,2,1,4,36,FALSE ,0.00, 0.00, 0.00, 0.00, 0.00, ,now(),now()
670,2,1,4,36,FALSE ,0.00, 0.00, 0.00, 0.00, 0.00, ,now(),now()
671,2,1,4,36,FALSE ,0.00, 0.00, 0.00, 0.00, 0.00, ,now(),now()
672,2,1,4,36,FALSE ,0.00, 0.00, 0.00, 0.00, 0.00, ,now(),now()
673,2,1,4,36,FALSE ,0.00, 0.00, 0.00, 0.00, 0.00, ,now(),now()
674,2,1,4,36,FALSE ,0.00, 0.00, 0.00, 0.00, 0.00, ,now(),now()
675,2,1,4,36,FALSE ,0.00, 0.00, 0.00, 0.00, 0.00, ,now(),now()
676,2,1,4,36,FALSE ,0.00, 0.00, 0.00, 0.00, 0.00, ,now(),now()
677,2,1,4,36,FALSE ,0.00, 0.00, 0.00, 0.00, 0.00, ,now(),now()
678,2,1,4,36,FALSE ,0.00, 0.00, 0.00, 0.00, 0.00, ,now(),now()
679,2,1,4,36,FALSE ,0.00, 0.00, 0.00, 0.00, 0.00, ,now(),now()
680,2,1,4,36,FALSE ,0.00, 0.00, 0.00, 0.00, 0.00, ,now(),now()
681,2,1,4,36,FALSE ,0.00, 0.00, 0.00, 0.00, 0.00, ,now(),now()
682,2,1,4,36,FALSE ,0.00, 0.00, 0.00, 0.00, 0.00, ,now(),now()
683,2,1,4,36,FALSE ,0.00, 0.00, 0.00, 0.00, 0.00, ,now(),now()
684,2,1,4,36,FALSE ,0.00, 0.00, 0.00, 0.00, 0.00, ,now(),now()
685,2,1,4,36,FALSE ,0.00, 0.00, 0.00, 0.00, 0.00, ,now(),now()
686,2,1,4,36,FALSE ,0.00, 0.00, 0.00, 0.00, 0.00, ,now(),now()
687,2,1,4,36,FALSE ,0.00, 0.00, 0.00, 0.00, 0.00, ,now(),now()
688,2,1,4,36,FALSE ,0.00, 0.00, 0.00, 0.00, 0.00, ,now(),now()
689,2,1,4,36,FALSE ,0.00, 0.00, 0.00, 0.00, 0.00, ,now(),now()
690,2,1,4,36,FALSE ,0.00, 0.00, 0.00, 0.00, 0.00, ,now(),now()
691,2,1,4,36,FALSE ,0.00, 0.00, 0.00, 0.00, 0.00, ,now(),now()
692,2,1,4,36,FALSE ,0.00, 0.00, 0.00, 0.00, 0.00, ,now(),now()
693,2,1,4,36,FALSE ,0.00, 0.00, 0.00, 0.00, 0.00, ,now(),now()
694,2,1,4,36,FALSE ,0.00, 0.00, 0.00, 0.00, 0.00, ,now(),now()
695,2,1,4,36,FALSE ,0.00, 0.00, 0.00, 0.00, 0.00, ,now(),now()
696,2,1,4,36,FALSE ,0.00, 0.00, 0.00, 0.00, 0.00, ,now(),now()
697,2,1,4,36,FALSE ,0.00, 0.00, 0.00, 0.00, 0.00, ,now(),now()
698,2,1,4,36,FALSE ,0.00, 0.00, 0.00, 0.00, 0.00, ,now(),now()
699,2,1,4,36,FALSE ,0.00, 0.00, 0.00, 0.00, 0.00, ,now(),now()
700,2,1,4,36,FALSE ,0.00, 0.00, 0.00, 0.00, 0.00, ,now(),now()
701,2,1,4,36,FALSE ,0.00, 0.00, 0.00, 0.00, 0.00, ,now(),now()
702,2,1,4,36,FALSE ,0.00, 0.00, 0.00, 0.00, 0.00, ,now(),now()
703,2,1,4,36,FALSE ,0.00, 0.00, 0.00, 0.00, 0.00, ,now(),now()
704,2,1,4,36,FALSE ,0.00, 0.00, 0.00, 0.00, 0.00, ,now(),now()
705,2,1,4,36,FALSE ,0.00, 0.00, 0.00, 0.00, 0.00, ,now(),now()
706,2,1,4,36,FALSE ,0.00, 0.00, 0.00, 0.00, 0.00, ,now(),now()
707,2,1,4,36,FALSE ,0.00, 0.00, 0.00, 0.00, 0.00, ,now(),now()
708,2,1,4,36,FALSE ,0.00, 0.00, 0.00, 0.00, 0.00, ,now(),now()
709,2,1,4,36,FALSE ,0.00, 0.00, 0.00, 0.00, 0.00, ,now(),now()
710,2,1,4,36,FALSE ,0.00, 0.00, 0.00, 0.00, 0.00, ,now(),now()
711,2,1,4,36,FALSE ,0.00, 0.00, 0.00, 0.00, 0.00, ,now(),now()
712,2,1,4,36,FALSE ,0.00, 0.00, 0.00, 0.00, 0.00, ,now(),now()
713,2,1,4,36,FALSE ,0.00, 0.00, 0.00, 0.00, 0.00, ,now(),now()
714,2,1,4,38,FALSE ,0.00, 0.00, 0.00, 0.00, 0.00, ,now(),now()
715,2,1,4,38,FALSE ,0.00, 0.00, 0.00, 0.00, 0.00, ,now(),now()
716,2,1,4,38,FALSE ,0.00, 0.00, 0.00, 0.00, 0.00, ,now(),now()
717,2,1,4,38,FALSE ,0.00, 0.00, 0.00, 0.00, 0.00, ,now(),now()
718,2,1,4,38,FALSE ,0.00, 0.00, 0.00, 0.00, 0.00, ,now(),now()
719,2,1,4,38,FALSE ,0.00, 0.00, 0.00, 0.00, 0.00, ,now(),now()
720,2,1,4,38,FALSE ,0.00, 0.00, 0.00, 0.00, 0.00, ,now(),now()
721,2,1,4,38,FALSE ,0.00, 0.00, 0.00, 0.00, 0.00, ,now(),now()
722,2,1,4,38,FALSE ,0.00, 0.00, 0.00, 0.00, 0.00, ,now(),now()
723,2,1,4,38,FALSE ,0.00, 0.00, 0.00, 0.00, 0.00, ,now(),now()
724,2,1,4,38,FALSE ,0.00, 0.00, 0.00, 0.00, 0.00, ,now(),now()
725,2,1,4,38,FALSE ,0.00, 0.00, 0.00, 0.00, 0.00, ,now(),now()
726,2,1,4,38,FALSE ,0.00, 0.00, 0.00, 0.00, 0.00, ,now(),now()
727,2,1,4,38,FALSE ,0.00, 0.00, 0.00, 0.00, 0.00, ,now(),now()
728,2,1,4,38,FALSE ,0.00, 0.00, 0.00, 0.00, 0.00, ,now(),now()
729,2,1,4,38,FALSE ,0.00, 0.00, 0.00, 0.00, 0.00, ,now(),now()
730,2,1,4,38,FALSE ,0.00, 0.00, 0.00, 0.00, 0.00, ,now(),now()
731,2,1,4,38,FALSE ,0.00, 0.00, 0.00, 0.00, 0.00, ,now(),now()
732,2,1,4,38,FALSE ,0.00, 0.00, 0.00, 0.00, 0.00, ,now(),now()
733,2,1,4,38,FALSE ,0.00, 0.00, 0.00, 0.00, 0.00, ,now(),now()
734,2,1,4,38,FALSE ,0.00, 0.00, 0.00, 0.00, 0.00, ,now(),now()
735,2,1,4,38,FALSE ,0.00, 0.00, 0.00, 0.00, 0.00, ,now(),now()
736,2,1,4,38,FALSE ,0.00, 0.00, 0.00, 0.00, 0.00, ,now(),now()
737,2,1,4,38,FALSE ,0.00, 0.00, 0.00, 0.00, 0.00, ,now(),now()
738,2,1,4,38,FALSE ,0.00, 0.00, 0.00, 0.00, 0.00, ,now(),now()
739,2,1,4,38,FALSE ,0.00, 0.00, 0.00, 0.00, 0.00, ,now(),now()
740,2,1,4,38,FALSE ,0.00, 0.00, 0.00, 0.00, 0.00, ,now(),now()
741,2,1,4,38,FALSE ,0.00, 0.00, 0.00, 0.00, 0.00, ,now(),now()
742,2,1,4,38,FALSE ,0.00, 0.00, 0.00, 0.00, 0.00, ,now(),now()
743,2,1,4,38,FALSE ,0.00, 0.00, 0.00, 0.00, 0.00, ,now(),now()
744,2,1,4,38,FALSE ,0.00, 0.00, 0.00, 0.00, 0.00, ,now(),now()
745,2,1,4,38,FALSE ,0.00, 0.00, 0.00, 0.00, 0.00, ,now(),now()
746,2,1,4,38,FALSE ,0.00, 0.00, 0.00, 0.00, 0.00, ,now(),now()
747,2,1,4,38,FALSE ,0.00, 0.00, 0.00, 0.00, 0.00, ,now(),now()
748,2,1,4,38,FALSE ,0.00, 0.00, 0.00, 0.00, 0.00, ,now(),now()
749,2,1,4,38,FALSE ,0.00, 0.00, 0.00, 0.00, 0.00, ,now(),now()
750,2,1,4,38,FALSE ,0.00, 0.00, 0.00, 0.00, 0.00, ,now(),now()
751,2,1,4,38,FALSE ,0.00, 0.00, 0.00, 0.00, 0.00, ,now(),now()
752,2,1,4,38,FALSE ,0.00, 0.00, 0.00, 0.00, 0.00, ,now(),now()
753,2,1,4,38,FALSE ,0.00, 0.00, 0.00, 0.00, 0.00, ,now(),now()
754,2,1,4,38,FALSE ,0.00, 0.00, 0.00, 0.00, 0.00, ,now(),now()
755,2,1,4,38,FALSE ,0.00, 0.00, 0.00, 0.00, 0.00, ,now(),now()
756,2,1,4,38,FALSE ,0.00, 0.00, 0.00, 0.00, 0.00, ,now(),now()
757,2,1,4,38,FALSE ,0.00, 0.00, 0.00, 0.00, 0.00, ,now(),now()
758,2,1,4,38,FALSE ,0.00, 0.00, 0.00, 0.00, 0.00, ,now(),now()
759,2,1,4,38,FALSE ,0.00, 0.00, 0.00, 0.00, 0.00, ,now(),now()
760,2,1,4,38,FALSE ,0.00, 0.00, 0.00, 0.00, 0.00, ,now(),now()
761,2,1,4,38,FALSE ,0.00, 0.00, 0.00, 0.00, 0.00, ,now(),now()
762,2,1,4,38,FALSE ,0.00, 0.00, 0.00, 0.00, 0.00, ,now(),now()
763,2,1,4,38,FALSE ,0.00, 0.00, 0.00, 0.00, 0.00, ,now(),now()
764,2,1,4,38,FALSE ,0.00, 0.00, 0.00, 0.00, 0.00, ,now(),now()
765,2,1,4,38,FALSE ,0.00, 0.00, 0.00, 0.00, 0.00, ,now(),now()
766,2,1,4,38,FALSE ,0.00, 0.00, 0.00, 0.00, 0.00, ,now(),now()
767,2,1,4,38,FALSE ,0.00, 0.00, 0.00, 0.00, 0.00, ,now(),now()
768,2,1,4,38,FALSE ,0.00, 0.00, 0.00, 0.00, 0.00, ,now(),now()
769,2,1,4,38,FALSE ,0.00, 0.00, 0.00, 0.00, 0.00, ,now(),now()
770,2,1,4,42,FALSE ,0.00, 0.00, 0.00, 0.00, 0.00, ,now(),now()
771,2,1,4,42,FALSE ,0.00, 0.00, 0.00, 0.00, 0.00, ,now(),now()
772,2,1,4,42,FALSE ,0.00, 0.00, 0.00, 0.00, 0.00, ,now(),now()
773,2,1,4,42,FALSE ,0.00, 0.00, 0.00, 0.00, 0.00, ,now(),now()
774,2,1,4,42,FALSE ,0.00, 0.00, 0.00, 0.00, 0.00, ,now(),now()
775,2,1,4,42,FALSE ,0.00, 0.00, 0.00, 0.00, 0.00, ,now(),now()
776,2,1,4,42,FALSE ,0.00, 0.00, 0.00, 0.00, 0.00, ,now(),now()
777,2,1,4,42,FALSE ,0.00, 0.00, 0.00, 0.00, 0.00, ,now(),now()
778,2,1,4,42,FALSE ,0.00, 0.00, 0.00, 0.00, 0.00, ,now(),now()
779,2,1,4,42,FALSE ,0.00, 0.00, 0.00, 0.00, 0.00, ,now(),now()
780,2,1,4,42,FALSE ,0.00, 0.00, 0.00, 0.00, 0.00, ,now(),now()
781,2,1,4,42,FALSE ,0.00, 0.00, 0.00, 0.00, 0.00, ,now(),now()
782,2,1,4,42,FALSE ,0.00, 0.00, 0.00, 0.00, 0.00, ,now(),now()
783,2,1,4,42,FALSE ,0.00, 0.00, 0.00, 0.00, 0.00, ,now(),now()
784,2,1,4,42,FALSE ,0.00, 0.00, 0.00, 0.00, 0.00, ,now(),now()
785,2,1,4,42,FALSE ,0.00, 0.00, 0.00, 0.00, 0.00, ,now(),now()
786,2,1,4,42,FALSE ,0.00, 0.00, 0.00, 0.00, 0.00, ,now(),now()
787,2,1,4,42,FALSE ,0.00, 0.00, 0.00, 0.00, 0.00, ,now(),now()
788,2,1,4,42,FALSE ,0.00, 0.00, 0.00, 0.00, 0.00, ,now(),now()
789,2,1,4,42,FALSE ,0.00, 0.00, 0.00, 0.00, 0.00, ,now(),now()
790,2,1,4,42,FALSE ,0.00, 0.00, 0.00, 0.00, 0.00, ,now(),now()
791,2,1,4,42,FALSE ,0.00, 0.00, 0.00, 0.00, 0.00, ,now(),now()
792,2,1,4,42,FALSE ,0.00, 0.00, 0.00, 0.00, 0.00, ,now(),now()
793,2,1,4,42,FALSE ,0.00, 0.00, 0.00, 0.00, 0.00, ,now(),now()
794,2,1,4,42,FALSE ,0.00, 0.00, 0.00, 0.00, 0.00, ,now(),now()
795,2,1,4,42,FALSE ,0.00, 0.00, 0.00, 0.00, 0.00, ,now(),now()
796,2,1,4,42,FALSE ,0.00, 0.00, 0.00, 0.00, 0.00, ,now(),now()
797,2,1,4,42,FALSE ,0.00, 0.00, 0.00, 0.00, 0.00, ,now(),now()
798,2,1,4,42,FALSE ,0.00, 0.00, 0.00, 0.00, 0.00, ,now(),now()
799,2,1,4,42,FALSE ,0.00, 0.00, 0.00, 0.00, 0.00, ,now(),now()
800,2,1,4,42,FALSE ,0.00, 0.00, 0.00, 0.00, 0.00, ,now(),now()
801,2,1,4,42,FALSE ,0.00, 0.00, 0.00, 0.00, 0.00, ,now(),now()
802,2,1,4,42,FALSE ,0.00, 0.00, 0.00, 0.00, 0.00, ,now(),now()
803,2,1,4,42,FALSE ,0.00, 0.00, 0.00, 0.00, 0.00, ,now(),now()
804,2,1,4,42,FALSE ,0.00, 0.00, 0.00, 0.00, 0.00, ,now(),now()
805,2,1,4,42,FALSE ,0.00, 0.00, 0.00, 0.00, 0.00, ,now(),now()
806,2,1,4,42,FALSE ,0.00, 0.00, 0.00, 0.00, 0.00, ,now(),now()
807,2,1,4,42,FALSE ,0.00, 0.00, 0.00, 0.00, 0.00, ,now(),now()
808,2,1,4,42,FALSE ,0.00, 0.00, 0.00, 0.00, 0.00, ,now(),now()
809,2,1,4,42,FALSE ,0.00, 0.00, 0.00, 0.00, 0.00, ,now(),now()
810,2,1,4,42,FALSE ,0.00, 0.00, 0.00, 0.00, 0.00, ,now(),now()
811,2,1,3,39,FALSE ,0.00, 0.00, 0.00, 0.00, 0.00, ,now(),now()
812,2,1,3,39,FALSE ,0.00, 0.00, 0.00, 0.00, 0.00, ,now(),now()
813,2,1,3,39,FALSE ,0.00, 0.00, 0.00, 0.00, 0.00, ,now(),now()
814,2,1,3,39,FALSE ,0.00, 0.00, 0.00, 0.00, 0.00, ,now(),now()
815,2,1,3,39,FALSE ,0.00, 0.00, 0.00, 0.00, 0.00, ,now(),now()
816,2,1,3,39,FALSE ,0.00, 0.00, 0.00, 0.00, 0.00, ,now(),now()
817,2,1,3,39,FALSE ,0.00, 0.00, 0.00, 0.00, 0.00, ,now(),now()
818,2,1,3,39,FALSE ,0.00, 0.00, 0.00, 0.00, 0.00, ,now(),now()
819,2,1,3,39,FALSE ,0.00, 0.00, 0.00, 0.00, 0.00, ,now(),now()
820,2,1,3,39,FALSE ,0.00, 0.00, 0.00, 0.00, 0.00, ,now(),now()
821,2,1,3,39,FALSE ,0.00, 0.00, 0.00, 0.00, 0.00, ,now(),now()
822,2,1,3,39,FALSE ,0.00, 0.00, 0.00, 0.00, 0.00, ,now(),now()
823,2,1,3,39,FALSE ,0.00, 0.00, 0.00, 0.00, 0.00, ,now(),now()
824,2,1,3,39,FALSE ,0.00, 0.00, 0.00, 0.00, 0.00, ,now(),now()
825,2,1,3,39,FALSE ,0.00, 0.00, 0.00, 0.00, 0.00, ,now(),now()
826,2,1,3,39,FALSE ,0.00, 0.00, 0.00, 0.00, 0.00, ,now(),now()
827,2,1,3,39,FALSE ,0.00, 0.00, 0.00, 0.00, 0.00, ,now(),now()
828,2,1,3,39,FALSE ,0.00, 0.00, 0.00, 0.00, 0.00, ,now(),now()
829,2,1,3,39,FALSE ,0.00, 0.00, 0.00, 0.00, 0.00, ,now(),now()
830,2,1,3,39,FALSE ,0.00, 0.00, 0.00, 0.00, 0.00, ,now(),now()
831,2,1,3,39,FALSE ,0.00, 0.00, 0.00, 0.00, 0.00, ,now(),now()
832,2,1,3,39,FALSE ,0.00, 0.00, 0.00, 0.00, 0.00, ,now(),now()
833,2,1,3,39,FALSE ,0.00, 0.00, 0.00, 0.00, 0.00, ,now(),now()
834,2,1,3,39,FALSE ,0.00, 0.00, 0.00, 0.00, 0.00, ,now(),now()
835,2,1,3,39,FALSE ,0.00, 0.00, 0.00, 0.00, 0.00, ,now(),now()
836,2,1,3,39,FALSE ,0.00, 0.00, 0.00, 0.00, 0.00, ,now(),now()
837,2,1,3,39,FALSE ,0.00, 0.00, 0.00, 0.00, 0.00, ,now(),now()
838,2,1,3,39,FALSE ,0.00, 0.00, 0.00, 0.00, 0.00, ,now(),now()
839,2,1,3,39,FALSE ,0.00, 0.00, 0.00, 0.00, 0.00, ,now(),now()
840,2,1,3,39,FALSE ,0.00, 0.00, 0.00, 0.00, 0.00, ,now(),now()
841,2,1,3,39,FALSE ,0.00, 0.00, 0.00, 0.00, 0.00, ,now(),now()
842,2,1,3,39,FALSE ,0.00, 0.00, 0.00, 0.00, 0.00, ,now(),now()
843,2,1,3,39,FALSE ,0.00, 0.00, 0.00, 0.00, 0.00, ,now(),now()
844,2,1,3,39,FALSE ,0.00, 0.00, 0.00, 0.00, 0.00, ,now(),now()
845,2,1,3,39,FALSE ,0.00, 0.00, 0.00, 0.00, 0.00, ,now(),now()
846,2,1,3,39,FALSE ,0.00, 0.00, 0.00, 0.00, 0.00, ,now(),now()
847,2,1,3,39,FALSE ,0.00, 0.00, 0.00, 0.00, 0.00, ,now(),now()
848,2,1,3,39,FALSE ,0.00, 0.00, 0.00, 0.00, 0.00, ,now(),now()
849,2,1,3,39,FALSE ,0.00, 0.00, 0.00, 0.00, 0.00, ,now(),now()
850,2,1,3,39,FALSE ,0.00, 0.00, 0.00, 0.00, 0.00, ,now(),now()
851,2,1,3,39,FALSE ,0.00, 0.00, 0.00, 0.00, 0.00, ,now(),now()
852,2,1,3,39,FALSE ,0.00, 0.00, 0.00, 0.00, 0.00, ,now(),now()
853,2,1,3,39,FALSE ,0.00, 0.00, 0.00, 0.00, 0.00, ,now(),now()
854,2,1,3,39,FALSE ,0.00, 0.00, 0.00, 0.00, 0.00, ,now(),now()
855,2,1,3,39,FALSE ,0.00, 0.00, 0.00, 0.00, 0.00, ,now(),now()
856,2,1,3,39,FALSE ,0.00, 0.00, 0.00, 0.00, 0.00, ,now(),now()
857,2,1,3,39,FALSE ,0.00, 0.00, 0.00, 0.00, 0.00, ,now(),now()
858,2,1,3,39,FALSE ,0.00, 0.00, 0.00, 0.00, 0.00, ,now(),now()
859,2,1,3,39,FALSE ,0.00, 0.00, 0.00, 0.00, 0.00, ,now(),now()
860,2,1,3,39,FALSE ,0.00, 0.00, 0.00, 0.00, 0.00, ,now(),now()
861,2,1,3,39,FALSE ,0.00, 0.00, 0.00, 0.00, 0.00, ,now(),now()
862,2,1,3,39,FALSE ,0.00, 0.00, 0.00, 0.00, 0.00, ,now(),now()
863,2,1,3,39,FALSE ,0.00, 0.00, 0.00, 0.00, 0.00, ,now(),now()
864,2,1,3,39,FALSE ,0.00, 0.00, 0.00, 0.00, 0.00, ,now(),now()
865,2,1,3,39,FALSE ,0.00, 0.00, 0.00, 0.00, 0.00, ,now(),now()
866,2,1,3,42,FALSE ,0.00, 0.00, 0.00, 0.00, 0.00, ,now(),now()
867,2,1,3,42,FALSE ,0.00, 0.00, 0.00, 0.00, 0.00, ,now(),now()
868,2,1,3,42,FALSE ,0.00, 0.00, 0.00, 0.00, 0.00, ,now(),now()
869,2,1,3,42,FALSE ,0.00, 0.00, 0.00, 0.00, 0.00, ,now(),now()
870,2,1,3,42,FALSE ,0.00, 0.00, 0.00, 0.00, 0.00, ,now(),now()
871,2,1,3,42,FALSE ,0.00, 0.00, 0.00, 0.00, 0.00, ,now(),now()
872,2,1,3,42,FALSE ,0.00, 0.00, 0.00, 0.00, 0.00, ,now(),now()
873,2,1,3,42,FALSE ,0.00, 0.00, 0.00, 0.00, 0.00, ,now(),now()
874,2,1,3,42,FALSE ,0.00, 0.00, 0.00, 0.00, 0.00, ,now(),now()
875,2,1,3,42,FALSE ,0.00, 0.00, 0.00, 0.00, 0.00, ,now(),now()
876,2,1,3,42,FALSE ,0.00, 0.00, 0.00, 0.00, 0.00, ,now(),now()
877,2,1,3,42,FALSE ,0.00, 0.00, 0.00, 0.00, 0.00, ,now(),now()
878,2,1,3,42,FALSE ,0.00, 0.00, 0.00, 0.00, 0.00, ,now(),now()
879,2,1,3,42,FALSE ,0.00, 0.00, 0.00, 0.00, 0.00, ,now(),now()
880,2,1,3,42,FALSE ,0.00, 0.00, 0.00, 0.00, 0.00, ,now(),now()
881,2,1,3,42,FALSE ,0.00, 0.00, 0.00, 0.00, 0.00, ,now(),now()
882,2,1,3,42,FALSE ,0.00, 0.00, 0.00, 0.00, 0.00, ,now(),now()
883,2,1,3,42,FALSE ,0.00, 0.00, 0.00, 0.00, 0.00, ,now(),now()
884,2,1,9,49,FALSE ,0.00, 0.00, 0.00, 0.00, 0.00, ,now(),now()
885,2,1,9,50,FALSE ,0.00, 0.00, 0.00, 0.00, 0.00, ,now(),now()
886,2,1,9,50,FALSE ,0.00, 0.00, 0.00, 0.00, 0.00, ,now(),now()
887,2,1,9,50,FALSE ,0.00, 0.00, 0.00, 0.00, 0.00, ,now(),now()
888,2,1,9,50,FALSE ,0.00, 0.00, 0.00, 0.00, 0.00, ,now(),now()
889,2,1,9,50,FALSE ,0.00, 0.00, 0.00, 0.00, 0.00, ,now(),now()
890,2,1,9,50,FALSE ,0.00, 0.00, 0.00, 0.00, 0.00, ,now(),now()
891,2,1,9,50,FALSE ,0.00, 0.00, 0.00, 0.00, 0.00, ,now(),now()
892,2,1,9,50,FALSE ,0.00, 0.00, 0.00, 0.00, 0.00, ,now(),now()
893,2,1,9,50,FALSE ,0.00, 0.00, 0.00, 0.00, 0.00, ,now(),now()
894,2,1,9,50,FALSE ,0.00, 0.00, 0.00, 0.00, 0.00, ,now(),now()
895,2,1,9,50,FALSE ,0.00, 0.00, 0.00, 0.00, 0.00, ,now(),now()
896,2,1,9,50,FALSE ,0.00, 0.00, 0.00, 0.00, 0.00, ,now(),now()
897,2,1,9,50,FALSE ,0.00, 0.00, 0.00, 0.00, 0.00, ,now(),now()
898,2,1,9,50,FALSE ,0.00, 0.00, 0.00, 0.00, 0.00, ,now(),now()
899,2,1,9,50,FALSE ,0.00, 0.00, 0.00, 0.00, 0.00, ,now(),now()
900,2,1,9,50,FALSE ,0.00, 0.00, 0.00, 0.00, 0.00, ,now(),now()
901,2,1,9,50,FALSE ,0.00, 0.00, 0.00, 0.00, 0.00, ,now(),now()
902,2,1,9,50,FALSE ,0.00, 0.00, 0.00, 0.00, 0.00, ,now(),now()
903,2,1,9,50,FALSE ,0.00, 0.00, 0.00, 0.00, 0.00, ,now(),now()
904,2,1,9,50,FALSE ,0.00, 0.00, 0.00, 0.00, 0.00, ,now(),now()
905,2,1,9,50,FALSE ,0.00, 0.00, 0.00, 0.00, 0.00, ,now(),now()
906,2,1,9,50,FALSE ,0.00, 0.00, 0.00, 0.00, 0.00, ,now(),now()
907,2,1,9,50,FALSE ,0.00, 0.00, 0.00, 0.00, 0.00, ,now(),now()
908,2,1,9,50,FALSE ,0.00, 0.00, 0.00, 0.00, 0.00, ,now(),now()
909,2,1,9,50,FALSE ,0.00, 0.00, 0.00, 0.00, 0.00, ,now(),now()
910,2,1,9,50,FALSE ,0.00, 0.00, 0.00, 0.00, 0.00, ,now(),now()
911,2,1,9,50,FALSE ,0.00, 0.00, 0.00, 0.00, 0.00, ,now(),now()
912,2,1,9,50,FALSE ,0.00, 0.00, 0.00, 0.00, 0.00, ,now(),now()
913,2,1,9,50,FALSE ,0.00, 0.00, 0.00, 0.00, 0.00, ,now(),now()
914,2,1,9,50,FALSE ,0.00, 0.00, 0.00, 0.00, 0.00, ,now(),now()
915,2,1,9,50,FALSE ,0.00, 0.00, 0.00, 0.00, 0.00, ,now(),now()
916,2,1,9,50,FALSE ,0.00, 0.00, 0.00, 0.00, 0.00, ,now(),now()
917,2,1,9,50,FALSE ,0.00, 0.00, 0.00, 0.00, 0.00, ,now(),now()
918,2,1,9,50,FALSE ,0.00, 0.00, 0.00, 0.00, 0.00, ,now(),now()
919,2,1,9,50,FALSE ,0.00, 0.00, 0.00, 0.00, 0.00, ,now(),now()
920,2,1,9,50,FALSE ,0.00, 0.00, 0.00, 0.00, 0.00, ,now(),now()
921,2,1,9,50,FALSE ,0.00, 0.00, 0.00, 0.00, 0.00, ,now(),now()
922,2,1,9,50,FALSE ,0.00, 0.00, 0.00, 0.00, 0.00, ,now(),now()
923,2,1,9,50,FALSE ,0.00, 0.00, 0.00, 0.00, 0.00, ,now(),now()
924,2,1,9,50,FALSE ,0.00, 0.00, 0.00, 0.00, 0.00, ,now(),now()
925,2,1,9,50,FALSE ,0.00, 0.00, 0.00, 0.00, 0.00, ,now(),now()
926,2,1,9,50,FALSE ,0.00, 0.00, 0.00, 0.00, 0.00, ,now(),now()
927,2,1,9,50,FALSE ,0.00, 0.00, 0.00, 0.00, 0.00, ,now(),now()
928,2,1,9,50,FALSE ,0.00, 0.00, 0.00, 0.00, 0.00, ,now(),now()
929,2,1,9,50,FALSE ,0.00, 0.00, 0.00, 0.00, 0.00, ,now(),now()
930,2,1,9,50,FALSE ,0.00, 0.00, 0.00, 0.00, 0.00, ,now(),now()
931,2,1,9,50,FALSE ,0.00, 0.00, 0.00, 0.00, 0.00, ,now(),now()
932,2,1,9,50,FALSE ,0.00, 0.00, 0.00, 0.00, 0.00, ,now(),now()
933,2,1,9,50,FALSE ,0.00, 0.00, 0.00, 0.00, 0.00, ,now(),now()
934,2,1,9,50,FALSE ,0.00, 0.00, 0.00, 0.00, 0.00, ,now(),now()
935,2,1,9,50,FALSE ,0.00, 0.00, 0.00, 0.00, 0.00, ,now(),now()
936,2,1,9,50,FALSE ,0.00, 0.00, 0.00, 0.00, 0.00, ,now(),now()
937,2,1,9,50,FALSE ,0.00, 0.00, 0.00, 0.00, 0.00, ,now(),now()
938,2,1,9,50,FALSE ,0.00, 0.00, 0.00, 0.00, 0.00, ,now(),now()
939,2,1,9,50,FALSE ,0.00, 0.00, 0.00, 0.00, 0.00, ,now(),now()
940,2,1,9,50,FALSE ,0.00, 0.00, 0.00, 0.00, 0.00, ,now(),now()
941,2,1,9,50,FALSE ,0.00, 0.00, 0.00, 0.00, 0.00, ,now(),now()
942,2,1,9,50,FALSE ,0.00, 0.00, 0.00, 0.00, 0.00, ,now(),now()
943,2,1,9,50,FALSE ,0.00, 0.00, 0.00, 0.00, 0.00, ,now(),now()
944,2,1,9,50,FALSE ,0.00, 0.00, 0.00, 0.00, 0.00, ,now(),now()
945,2,1,9,50,FALSE ,0.00, 0.00, 0.00, 0.00, 0.00, ,now(),now()
946,2,1,9,50,FALSE ,0.00, 0.00, 0.00, 0.00, 0.00, ,now(),now()
947,2,1,9,50,FALSE ,0.00, 0.00, 0.00, 0.00, 0.00, ,now(),now()
948,2,1,7,49,FALSE ,0.00, 0.00, 0.00, 0.00, 0.00, ,now(),now()
949,2,1,7,49,FALSE ,0.00, 0.00, 0.00, 0.00, 0.00, ,now(),now()
950,2,1,7,49,FALSE ,0.00, 0.00, 0.00, 0.00, 0.00, ,now(),now()
951,2,1,7,49,FALSE ,0.00, 0.00, 0.00, 0.00, 0.00, ,now(),now()
952,2,1,7,49,FALSE ,0.00, 0.00, 0.00, 0.00, 0.00, ,now(),now()
953,2,1,7,49,FALSE ,0.00, 0.00, 0.00, 0.00, 0.00, ,now(),now()
954,2,1,7,49,FALSE ,0.00, 0.00, 0.00, 0.00, 0.00, ,now(),now()
955,2,1,7,49,FALSE ,0.00, 0.00, 0.00, 0.00, 0.00, ,now(),now()
956,2,1,7,49,FALSE ,0.00, 0.00, 0.00, 0.00, 0.00, ,now(),now()
957,2,1,7,49,FALSE ,0.00, 0.00, 0.00, 0.00, 0.00, ,now(),now()
958,2,1,7,49,FALSE ,0.00, 0.00, 0.00, 0.00, 0.00, ,now(),now()
959,2,1,7,49,FALSE ,0.00, 0.00, 0.00, 0.00, 0.00, ,now(),now()
960,2,1,7,49,FALSE ,0.00, 0.00, 0.00, 0.00, 0.00, ,now(),now()
961,2,1,7,49,FALSE ,0.00, 0.00, 0.00, 0.00, 0.00, ,now(),now()
962,2,1,7,49,FALSE ,0.00, 0.00, 0.00, 0.00, 0.00, ,now(),now()
963,2,1,7,49,FALSE ,0.00, 0.00, 0.00, 0.00, 0.00, ,now(),now()
964,2,1,7,49,FALSE ,0.00, 0.00, 0.00, 0.00, 0.00, ,now(),now()
965,2,1,7,49,FALSE ,0.00, 0.00, 0.00, 0.00, 0.00, ,now(),now()
966,2,1,7,49,FALSE ,0.00, 0.00, 0.00, 0.00, 0.00, ,now(),now()
967,2,1,7,49,FALSE ,0.00, 0.00, 0.00, 0.00, 0.00, ,now(),now()
968,2,1,7,49,FALSE ,0.00, 0.00, 0.00, 0.00, 0.00, ,now(),now()
969,2,1,7,49,FALSE ,0.00, 0.00, 0.00, 0.00, 0.00, ,now(),now()
970,2,1,7,49,FALSE ,0.00, 0.00, 0.00, 0.00, 0.00, ,now(),now()
971,2,1,7,49,FALSE ,0.00, 0.00, 0.00, 0.00, 0.00, ,now(),now()
972,2,1,7,49,FALSE ,0.00, 0.00, 0.00, 0.00, 0.00, ,now(),now()
973,2,1,7,49,FALSE ,0.00, 0.00, 0.00, 0.00, 0.00, ,now(),now()
974,2,1,7,49,FALSE ,0.00, 0.00, 0.00, 0.00, 0.00, ,now(),now()
975,2,1,7,49,FALSE ,0.00, 0.00, 0.00, 0.00, 0.00, ,now(),now()
976,2,1,7,49,FALSE ,0.00, 0.00, 0.00, 0.00, 0.00, ,now(),now()
977,2,1,7,49,FALSE ,0.00, 0.00, 0.00, 0.00, 0.00, ,now(),now()
978,2,1,7,49,FALSE ,0.00, 0.00, 0.00, 0.00, 0.00, ,now(),now()
979,2,1,7,49,FALSE ,0.00, 0.00, 0.00, 0.00, 0.00, ,now(),now()
980,2,1,7,49,FALSE ,0.00, 0.00, 0.00, 0.00, 0.00, ,now(),now()
981,2,1,7,49,FALSE ,0.00, 0.00, 0.00, 0.00, 0.00, ,now(),now()
982,2,1,7,49,FALSE ,0.00, 0.00, 0.00, 0.00, 0.00, ,now(),now()
983,2,1,7,49,FALSE ,0.00, 0.00, 0.00, 0.00, 0.00, ,now(),now()
984,2,1,7,49,FALSE ,0.00, 0.00, 0.00, 0.00, 0.00, ,now(),now()
985,2,1,7,49,FALSE ,0.00, 0.00, 0.00, 0.00, 0.00, ,now(),now()
986,2,1,7,49,FALSE ,0.00, 0.00, 0.00, 0.00, 0.00, ,now(),now()
987,2,1,7,49,FALSE ,0.00, 0.00, 0.00, 0.00, 0.00, ,now(),now()
988,2,1,7,49,FALSE ,0.00, 0.00, 0.00, 0.00, 0.00, ,now(),now()
989,2,1,7,49,FALSE ,0.00, 0.00, 0.00, 0.00, 0.00, ,now(),now()
990,2,1,7,49,FALSE ,0.00, 0.00, 0.00, 0.00, 0.00, ,now(),now()
991,2,1,7,49,FALSE ,0.00, 0.00, 0.00, 0.00, 0.00, ,now(),now()
992,2,1,7,49,FALSE ,0.00, 0.00, 0.00, 0.00, 0.00, ,now(),now()
993,2,1,7,49,FALSE ,0.00, 0.00, 0.00, 0.00, 0.00, ,now(),now()
994,2,1,7,49,FALSE ,0.00, 0.00, 0.00, 0.00, 0.00, ,now(),now()
995,2,1,7,49,FALSE ,0.00, 0.00, 0.00, 0.00, 0.00, ,now(),now()
996,2,1,7,49,FALSE ,0.00, 0.00, 0.00, 0.00, 0.00, ,now(),now()
997,2,1,7,49,FALSE ,0.00, 0.00, 0.00, 0.00, 0.00, ,now(),now()
998,2,1,7,49,FALSE ,0.00, 0.00, 0.00, 0.00, 0.00, ,now(),now()
999,2,1,7,49,FALSE ,0.00, 0.00, 0.00, 0.00, 0.00, ,now(),now()
1000,2,1,7,49,FALSE ,0.00, 0.00, 0.00, 0.00, 0.00, ,now(),now()
1001,2,1,7,49,FALSE ,0.00, 0.00, 0.00, 0.00, 0.00, ,now(),now()
1002,2,1,7,49,FALSE ,0.00, 0.00, 0.00, 0.00, 0.00, ,now(),now()
1003,2,1,7,49,FALSE ,0.00, 0.00, 0.00, 0.00, 0.00, ,now(),now()
1004,2,1,7,49,FALSE ,0.00, 0.00, 0.00, 0.00, 0.00, ,now(),now()
1005,2,1,7,49,FALSE ,0.00, 0.00, 0.00, 0.00, 0.00, ,now(),now()
1006,2,1,7,56,FALSE ,0.00, 0.00, 0.00, 0.00, 0.00, ,now(),now()
1007,2,1,7,56,FALSE ,0.00, 0.00, 0.00, 0.00, 0.00, ,now(),now()
1008,2,1,7,56,FALSE ,0.00, 0.00, 0.00, 0.00, 0.00, ,now(),now()
1009,2,1,7,56,FALSE ,0.00, 0.00, 0.00, 0.00, 0.00, ,now(),now()
1010,2,1,7,56,FALSE ,0.00, 0.00, 0.00, 0.00, 0.00, ,now(),now()
1011,2,1,7,56,FALSE ,0.00, 0.00, 0.00, 0.00, 0.00, ,now(),now()
1012,2,1,5,40,FALSE ,0.00, 0.00, 0.00, 0.00, 0.00, ,now(),now()
1013,2,1,5,40,FALSE ,0.00, 0.00, 0.00, 0.00, 0.00, ,now(),now()
1014,2,1,5,40,FALSE ,0.00, 0.00, 0.00, 0.00, 0.00, ,now(),now()
1015,2,1,5,40,FALSE ,0.00, 0.00, 0.00, 0.00, 0.00, ,now(),now()
1016,2,1,5,40,FALSE ,0.00, 0.00, 0.00, 0.00, 0.00, ,now(),now()
1017,2,1,5,40,FALSE ,0.00, 0.00, 0.00, 0.00, 0.00, ,now(),now()
1018,2,1,5,40,FALSE ,0.00, 0.00, 0.00, 0.00, 0.00, ,now(),now()
1019,2,1,5,40,FALSE ,0.00, 0.00, 0.00, 0.00, 0.00, ,now(),now()
1020,2,1,5,40,FALSE ,0.00, 0.00, 0.00, 0.00, 0.00, ,now(),now()
1021,2,1,5,40,FALSE ,0.00, 0.00, 0.00, 0.00, 0.00, ,now(),now()
1022,2,1,5,40,FALSE ,0.00, 0.00, 0.00, 0.00, 0.00, ,now(),now()
1023,2,1,5,40,FALSE ,0.00, 0.00, 0.00, 0.00, 0.00, ,now(),now()
1024,2,1,5,40,FALSE ,0.00, 0.00, 0.00, 0.00, 0.00, ,now(),now()
1025,2,1,5,40,FALSE ,0.00, 0.00, 0.00, 0.00, 0.00, ,now(),now()
1026,2,1,5,40,FALSE ,0.00, 0.00, 0.00, 0.00, 0.00, ,now(),now()
1027,2,1,5,40,FALSE ,0.00, 0.00, 0.00, 0.00, 0.00, ,now(),now()
1028,2,1,5,40,FALSE ,0.00, 0.00, 0.00, 0.00, 0.00, ,now(),now()
1029,2,1,5,40,FALSE ,0.00, 0.00, 0.00, 0.00, 0.00, ,now(),now()
1030,2,1,5,40,FALSE ,0.00, 0.00, 0.00, 0.00, 0.00, ,now(),now()
1031,2,1,5,40,FALSE ,0.00, 0.00, 0.00, 0.00, 0.00, ,now(),now()
1032,2,1,5,40,FALSE ,0.00, 0.00, 0.00, 0.00, 0.00, ,now(),now()
1033,2,1,5,40,FALSE ,0.00, 0.00, 0.00, 0.00, 0.00, ,now(),now()
1034,2,1,5,40,FALSE ,0.00, 0.00, 0.00, 0.00, 0.00, ,now(),now()
1035,2,1,5,40,FALSE ,0.00, 0.00, 0.00, 0.00, 0.00, ,now(),now()
1036,2,1,5,40,FALSE ,0.00, 0.00, 0.00, 0.00, 0.00, ,now(),now()
1037,2,1,5,40,FALSE ,0.00, 0.00, 0.00, 0.00, 0.00, ,now(),now()
1038,2,1,5,40,FALSE ,0.00, 0.00, 0.00, 0.00, 0.00, ,now(),now()
1039,2,1,5,40,FALSE ,0.00, 0.00, 0.00, 0.00, 0.00, ,now(),now()
1040,2,1,5,40,FALSE ,0.00, 0.00, 0.00, 0.00, 0.00, ,now(),now()
1041,2,1,5,40,FALSE ,0.00, 0.00, 0.00, 0.00, 0.00, ,now(),now()
1042,2,1,5,40,FALSE ,0.00, 0.00, 0.00, 0.00, 0.00, ,now(),now()
1043,2,1,5,40,FALSE ,0.00, 0.00, 0.00, 0.00, 0.00, ,now(),now()
1044,2,1,5,40,FALSE ,0.00, 0.00, 0.00, 0.00, 0.00, ,now(),now()
1045,2,1,5,40,FALSE ,0.00, 0.00, 0.00, 0.00, 0.00, ,now(),now()
1046,2,1,5,40,FALSE ,0.00, 0.00, 0.00, 0.00, 0.00, ,now(),now()
1047,2,1,5,40,FALSE ,0.00, 0.00, 0.00, 0.00, 0.00, ,now(),now()
1048,2,1,5,40,FALSE ,0.00, 0.00, 0.00, 0.00, 0.00, ,now(),now()
1049,2,1,5,40,FALSE ,0.00, 0.00, 0.00, 0.00, 0.00, ,now(),now()
1050,2,1,5,40,FALSE ,0.00, 0.00, 0.00, 0.00, 0.00, ,now(),now()
1051,2,1,5,40,FALSE ,0.00, 0.00, 0.00, 0.00, 0.00, ,now(),now()
1052,2,1,5,40,FALSE ,0.00, 0.00, 0.00, 0.00, 0.00, ,now(),now()
1053,2,1,5,40,FALSE ,0.00, 0.00, 0.00, 0.00, 0.00, ,now(),now()
1054,2,1,5,40,FALSE ,0.00, 0.00, 0.00, 0.00, 0.00, ,now(),now()
1055,2,1,5,40,FALSE ,0.00, 0.00, 0.00, 0.00, 0.00, ,now(),now()
1056,2,1,5,40,FALSE ,0.00, 0.00, 0.00, 0.00, 0.00, ,now(),now()
1057,2,1,5,40,FALSE ,0.00, 0.00, 0.00, 0.00, 0.00, ,now(),now()
1058,2,1,5,40,FALSE ,0.00, 0.00, 0.00, 0.00, 0.00, ,now(),now()
1059,2,1,5,40,FALSE ,0.00, 0.00, 0.00, 0.00, 0.00, ,now(),now()
1060,2,1,5,40,FALSE ,0.00, 0.00, 0.00, 0.00, 0.00, ,now(),now()
1061,2,1,5,40,FALSE ,0.00, 0.00, 0.00, 0.00, 0.00, ,now(),now()
1062,2,1,5,40,FALSE ,0.00, 0.00, 0.00, 0.00, 0.00, ,now(),now()
1063,2,1,5,40,FALSE ,0.00, 0.00, 0.00, 0.00, 0.00, ,now(),now()
1064,2,1,5,40,FALSE ,0.00, 0.00, 0.00, 0.00, 0.00, ,now(),now()
1065,2,1,5,40,FALSE ,0.00, 0.00, 0.00, 0.00, 0.00, ,now(),now()
1066,2,1,5,40,FALSE ,0.00, 0.00, 0.00, 0.00, 0.00, ,now(),now()
1067,2,1,5,40,FALSE ,0.00, 0.00, 0.00, 0.00, 0.00, ,now(),now()
1068,2,1,5,40,FALSE ,0.00, 0.00, 0.00, 0.00, 0.00, ,now(),now()
1069,2,1,8,45,FALSE ,0.00, 0.00, 0.00, 0.00, 0.00, ,now(),now()
1070,2,1,8,46,FALSE ,0.00, 0.00, 0.00, 0.00, 0.00, ,now(),now()
1071,2,1,8,46,FALSE ,0.00, 0.00, 0.00, 0.00, 0.00, ,now(),now()
1072,2,1,8,46,FALSE ,0.00, 0.00, 0.00, 0.00, 0.00, ,now(),now()
1073,2,1,8,46,FALSE ,0.00, 0.00, 0.00, 0.00, 0.00, ,now(),now()
1074,2,1,8,46,FALSE ,0.00, 0.00, 0.00, 0.00, 0.00, ,now(),now()
1075,2,1,8,46,FALSE ,0.00, 0.00, 0.00, 0.00, 0.00, ,now(),now()
1076,2,1,8,46,FALSE ,0.00, 0.00, 0.00, 0.00, 0.00, ,now(),now()
1077,2,1,8,46,FALSE ,0.00, 0.00, 0.00, 0.00, 0.00, ,now(),now()
1078,2,1,8,46,FALSE ,0.00, 0.00, 0.00, 0.00, 0.00, ,now(),now()
1079,2,1,8,46,FALSE ,0.00, 0.00, 0.00, 0.00, 0.00, ,now(),now()
1080,2,1,8,46,FALSE ,0.00, 0.00, 0.00, 0.00, 0.00, ,now(),now()
1081,2,1,8,46,FALSE ,0.00, 0.00, 0.00, 0.00, 0.00, ,now(),now()
1082,2,1,8,46,FALSE ,0.00, 0.00, 0.00, 0.00, 0.00, ,now(),now()
1083,2,1,8,46,FALSE ,0.00, 0.00, 0.00, 0.00, 0.00, ,now(),now()
1084,2,1,8,46,FALSE ,0.00, 0.00, 0.00, 0.00, 0.00, ,now(),now()
1085,2,1,8,46,FALSE ,0.00, 0.00, 0.00, 0.00, 0.00, ,now(),now()
1086,2,1,8,46,FALSE ,0.00, 0.00, 0.00, 0.00, 0.00, ,now(),now()
1087,2,1,8,46,FALSE ,0.00, 0.00, 0.00, 0.00, 0.00, ,now(),now()
1088,2,1,8,46,FALSE ,0.00, 0.00, 0.00, 0.00, 0.00, ,now(),now()
1089,2,1,8,46,FALSE ,0.00, 0.00, 0.00, 0.00, 0.00, ,now(),now()
1090,2,1,8,46,FALSE ,0.00, 0.00, 0.00, 0.00, 0.00, ,now(),now()
1091,2,1,8,46,FALSE ,0.00, 0.00, 0.00, 0.00, 0.00, ,now(),now()
1092,2,1,8,46,FALSE ,0.00, 0.00, 0.00, 0.00, 0.00, ,now(),now()
1093,2,1,8,46,FALSE ,0.00, 0.00, 0.00, 0.00, 0.00, ,now(),now()
1094,2,1,8,46,FALSE ,0.00, 0.00, 0.00, 0.00, 0.00, ,now(),now()
1095,2,1,8,46,FALSE ,0.00, 0.00, 0.00, 0.00, 0.00, ,now(),now()
1096,2,1,8,46,FALSE ,0.00, 0.00, 0.00, 0.00, 0.00, ,now(),now()
1097,2,1,8,46,FALSE ,0.00, 0.00, 0.00, 0.00, 0.00, ,now(),now()
1098,2,1,8,46,FALSE ,0.00, 0.00, 0.00, 0.00, 0.00, ,now(),now()
1099,2,1,8,46,FALSE ,0.00, 0.00, 0.00, 0.00, 0.00, ,now(),now()
1100,2,1,8,46,FALSE ,0.00, 0.00, 0.00, 0.00, 0.00, ,now(),now()
1101,2,1,8,46,FALSE ,0.00, 0.00, 0.00, 0.00, 0.00, ,now(),now()
1102,2,1,8,46,FALSE ,0.00, 0.00, 0.00, 0.00, 0.00, ,now(),now()
1103,2,1,8,46,FALSE ,0.00, 0.00, 0.00, 0.00, 0.00, ,now(),now()
1104,2,1,8,46,FALSE ,0.00, 0.00, 0.00, 0.00, 0.00, ,now(),now()
1105,2,1,8,46,FALSE ,0.00, 0.00, 0.00, 0.00, 0.00, ,now(),now()
1106,2,1,8,46,FALSE ,0.00, 0.00, 0.00, 0.00, 0.00, ,now(),now()
1107,2,1,8,46,FALSE ,0.00, 0.00, 0.00, 0.00, 0.00, ,now(),now()
1108,2,1,8,46,FALSE ,0.00, 0.00, 0.00, 0.00, 0.00, ,now(),now()
1109,2,1,8,46,FALSE ,0.00, 0.00, 0.00, 0.00, 0.00, ,now(),now()
1110,2,1,8,46,FALSE ,0.00, 0.00, 0.00, 0.00, 0.00, ,now(),now()
1111,2,1,8,46,FALSE ,0.00, 0.00, 0.00, 0.00, 0.00, ,now(),now()
1112,2,1,8,46,FALSE ,0.00, 0.00, 0.00, 0.00, 0.00, ,now(),now()
1113,2,1,8,46,FALSE ,0.00, 0.00, 0.00, 0.00, 0.00, ,now(),now()
1114,2,1,8,46,FALSE ,0.00, 0.00, 0.00, 0.00, 0.00, ,now(),now()
1115,2,1,8,46,FALSE ,0.00, 0.00, 0.00, 0.00, 0.00, ,now(),now()
1116,2,1,8,46,FALSE ,0.00, 0.00, 0.00, 0.00, 0.00, ,now(),now()
1117,2,1,8,46,FALSE ,0.00, 0.00, 0.00, 0.00, 0.00, ,now(),now()
1118,2,1,8,46,FALSE ,0.00, 0.00, 0.00, 0.00, 0.00, ,now(),now()
1119,2,1,8,46,FALSE ,0.00, 0.00, 0.00, 0.00, 0.00, ,now(),now()
1120,2,1,8,46,FALSE ,0.00, 0.00, 0.00, 0.00, 0.00, ,now(),now()
1121,2,1,8,46,FALSE ,0.00, 0.00, 0.00, 0.00, 0.00, ,now(),now()
1122,2,1,8,46,FALSE ,0.00, 0.00, 0.00, 0.00, 0.00, ,now(),now()
1123,2,1,8,46,FALSE ,0.00, 0.00, 0.00, 0.00, 0.00, ,now(),now()
1124,2,1,8,46,FALSE ,0.00, 0.00, 0.00, 0.00, 0.00, ,now(),now()
1125,2,1,8,46,FALSE ,0.00, 0.00, 0.00, 0.00, 0.00, ,now(),now()
1126,2,1,8,46,FALSE ,0.00, 0.00, 0.00, 0.00, 0.00, ,now(),now()
1127,2,1,8,46,FALSE ,0.00, 0.00, 0.00, 0.00, 0.00, ,now(),now()
1128,2,1,8,46,FALSE ,0.00, 0.00, 0.00, 0.00, 0.00, ,now(),now()
1129,2,1,8,46,FALSE ,0.00, 0.00, 0.00, 0.00, 0.00, ,now(),now()
1130,2,1,8,46,FALSE ,0.00, 0.00, 0.00, 0.00, 0.00, ,now(),now()
1131,2,1,8,46,FALSE ,0.00, 0.00, 0.00, 0.00, 0.00, ,now(),now()
1132,2,1,8,47,FALSE ,0.00, 0.00, 0.00, 0.00, 0.00, ,now(),now()
1133,2,1,8,47,FALSE ,0.00, 0.00, 0.00, 0.00, 0.00, ,now(),now()
1134,2,1,8,47,FALSE ,0.00, 0.00, 0.00, 0.00, 0.00, ,now(),now()
1135,2,1,8,47,FALSE ,0.00, 0.00, 0.00, 0.00, 0.00, ,now(),now()
1136,2,1,8,47,FALSE ,0.00, 0.00, 0.00, 0.00, 0.00, ,now(),now()
1137,2,1,8,47,FALSE ,0.00, 0.00, 0.00, 0.00, 0.00, ,now(),now()
1138,2,1,8,47,FALSE ,0.00, 0.00, 0.00, 0.00, 0.00, ,now(),now()
1139,2,1,8,47,FALSE ,0.00, 0.00, 0.00, 0.00, 0.00, ,now(),now()
1140,2,1,8,47,FALSE ,0.00, 0.00, 0.00, 0.00, 0.00, ,now(),now()
1141,2,1,8,47,FALSE ,0.00, 0.00, 0.00, 0.00, 0.00, ,now(),now()
1142,2,1,8,47,FALSE ,0.00, 0.00, 0.00, 0.00, 0.00, ,now(),now()
1143,2,1,8,47,FALSE ,0.00, 0.00, 0.00, 0.00, 0.00, ,now(),now()
1144,2,1,8,47,FALSE ,0.00, 0.00, 0.00, 0.00, 0.00, ,now(),now()
1145,2,1,8,47,FALSE ,0.00, 0.00, 0.00, 0.00, 0.00, ,now(),now()
1146,2,1,8,47,FALSE ,0.00, 0.00, 0.00, 0.00, 0.00, ,now(),now()
1147,2,1,8,47,FALSE ,0.00, 0.00, 0.00, 0.00, 0.00, ,now(),now()
1148,2,1,8,47,FALSE ,0.00, 0.00, 0.00, 0.00, 0.00, ,now(),now()
1149,2,1,8,47,FALSE ,0.00, 0.00, 0.00, 0.00, 0.00, ,now(),now()
1150,2,1,8,47,FALSE ,0.00, 0.00, 0.00, 0.00, 0.00, ,now(),now()
1151,2,1,8,47,FALSE ,0.00, 0.00, 0.00, 0.00, 0.00, ,now(),now()
1152,2,1,8,47,FALSE ,0.00, 0.00, 0.00, 0.00, 0.00, ,now(),now()
1153,2,1,8,47,FALSE ,0.00, 0.00, 0.00, 0.00, 0.00, ,now(),now()
1154,2,1,8,47,FALSE ,0.00, 0.00, 0.00, 0.00, 0.00, ,now(),now()
1155,2,1,8,47,FALSE ,0.00, 0.00, 0.00, 0.00, 0.00, ,now(),now()
1156,2,1,8,47,FALSE ,0.00, 0.00, 0.00, 0.00, 0.00, ,now(),now()
1157,2,1,8,47,FALSE ,0.00, 0.00, 0.00, 0.00, 0.00, ,now(),now()
1158,2,1,8,47,FALSE ,0.00, 0.00, 0.00, 0.00, 0.00, ,now(),now()
1159,2,1,8,47,FALSE ,0.00, 0.00, 0.00, 0.00, 0.00, ,now(),now()
1160,2,1,8,47,FALSE ,0.00, 0.00, 0.00, 0.00, 0.00, ,now(),now()
1161,2,1,8,47,FALSE ,0.00, 0.00, 0.00, 0.00, 0.00, ,now(),now()
1162,2,1,8,47,FALSE ,0.00, 0.00, 0.00, 0.00, 0.00, ,now(),now()
1163,2,1,8,47,FALSE ,0.00, 0.00, 0.00, 0.00, 0.00, ,now(),now()
1164,2,1,8,47,FALSE ,0.00, 0.00, 0.00, 0.00, 0.00, ,now(),now()
1165,2,1,8,47,FALSE ,0.00, 0.00, 0.00, 0.00, 0.00, ,now(),now()
1166,2,1,8,47,FALSE ,0.00, 0.00, 0.00, 0.00, 0.00, ,now(),now()
1167,2,1,8,47,FALSE ,0.00, 0.00, 0.00, 0.00, 0.00, ,now(),now()
1168,2,1,8,47,FALSE ,0.00, 0.00, 0.00, 0.00, 0.00, ,now(),now()
1169,2,1,8,47,FALSE ,0.00, 0.00, 0.00, 0.00, 0.00, ,now(),now()
1170,2,1,8,47,FALSE ,0.00, 0.00, 0.00, 0.00, 0.00, ,now(),now()
1171,2,1,8,47,FALSE ,0.00, 0.00, 0.00, 0.00, 0.00, ,now(),now()
1172,2,1,8,47,FALSE ,0.00, 0.00, 0.00, 0.00, 0.00, ,now(),now()
1173,2,1,8,47,FALSE ,0.00, 0.00, 0.00, 0.00, 0.00, ,now(),now()
1174,2,1,8,47,FALSE ,0.00, 0.00, 0.00, 0.00, 0.00, ,now(),now()
1175,2,1,8,47,FALSE ,0.00, 0.00, 0.00, 0.00, 0.00, ,now(),now()
1176,2,1,8,47,FALSE ,0.00, 0.00, 0.00, 0.00, 0.00, ,now(),now()
1177,2,1,8,47,FALSE ,0.00, 0.00, 0.00, 0.00, 0.00, ,now(),now()
1178,2,1,8,47,FALSE ,0.00, 0.00, 0.00, 0.00, 0.00, ,now(),now()
1179,2,1,8,47,FALSE ,0.00, 0.00, 0.00, 0.00, 0.00, ,now(),now()
1180,2,1,8,47,FALSE ,0.00, 0.00, 0.00, 0.00, 0.00, ,now(),now()
1181,2,1,8,47,FALSE ,0.00, 0.00, 0.00, 0.00, 0.00, ,now(),now()
1182,2,1,8,47,FALSE ,0.00, 0.00, 0.00, 0.00, 0.00, ,now(),now()
1183,2,1,8,47,FALSE ,0.00, 0.00, 0.00, 0.00, 0.00, ,now(),now()
1184,2,1,8,47,FALSE ,0.00, 0.00, 0.00, 0.00, 0.00, ,now(),now()
1185,2,1,8,47,FALSE ,0.00, 0.00, 0.00, 0.00, 0.00, ,now(),now()
1186,2,1,8,47,FALSE ,0.00, 0.00, 0.00, 0.00, 0.00, ,now(),now()
1187,2,1,8,47,FALSE ,0.00, 0.00, 0.00, 0.00, 0.00, ,now(),now()
1188,2,1,8,47,FALSE ,0.00, 0.00, 0.00, 0.00, 0.00, ,now(),now()
1189,2,1,8,47,FALSE ,0.00, 0.00, 0.00, 0.00, 0.00, ,now(),now()
1190,2,1,8,47,FALSE ,0.00, 0.00, 0.00, 0.00, 0.00, ,now(),now()
1191,2,1,8,47,FALSE ,0.00, 0.00, 0.00, 0.00, 0.00, ,now(),now()
1192,2,1,8,47,FALSE ,0.00, 0.00, 0.00, 0.00, 0.00, ,now(),now()
1193,2,1,8,47,FALSE ,0.00, 0.00, 0.00, 0.00, 0.00, ,now(),now()
1194,2,1,8,48,FALSE ,0.00, 0.00, 0.00, 0.00, 0.00, ,now(),now()
1195,2,1,8,48,FALSE ,0.00, 0.00, 0.00, 0.00, 0.00, ,now(),now()
1196,2,1,8,48,FALSE ,0.00, 0.00, 0.00, 0.00, 0.00, ,now(),now()
1197,2,1,8,48,FALSE ,0.00, 0.00, 0.00, 0.00, 0.00, ,now(),now()
1198,2,1,8,48,FALSE ,0.00, 0.00, 0.00, 0.00, 0.00, ,now(),now()
1199,2,1,8,48,FALSE ,0.00, 0.00, 0.00, 0.00, 0.00, ,now(),now()
1200,2,1,8,48,FALSE ,0.00, 0.00, 0.00, 0.00, 0.00, ,now(),now()
1201,2,1,8,48,FALSE ,0.00, 0.00, 0.00, 0.00, 0.00, ,now(),now()
1202,2,1,8,48,FALSE ,0.00, 0.00, 0.00, 0.00, 0.00, ,now(),now()
1203,2,1,8,48,FALSE ,0.00, 0.00, 0.00, 0.00, 0.00, ,now(),now()
1204,2,1,8,48,FALSE ,0.00, 0.00, 0.00, 0.00, 0.00, ,now(),now()
1205,2,1,8,48,FALSE ,0.00, 0.00, 0.00, 0.00, 0.00, ,now(),now()
1206,2,1,8,48,FALSE ,0.00, 0.00, 0.00, 0.00, 0.00, ,now(),now()
1207,2,1,8,48,FALSE ,0.00, 0.00, 0.00, 0.00, 0.00, ,now(),now()
1208,2,1,8,48,FALSE ,0.00, 0.00, 0.00, 0.00, 0.00, ,now(),now()
1209,2,1,8,48,FALSE ,0.00, 0.00, 0.00, 0.00, 0.00, ,now(),now()
1210,2,1,8,48,FALSE ,0.00, 0.00, 0.00, 0.00, 0.00, ,now(),now()
1211,2,1,8,48,FALSE ,0.00, 0.00, 0.00, 0.00, 0.00, ,now(),now()
1212,2,1,8,48,FALSE ,0.00, 0.00, 0.00, 0.00, 0.00, ,now(),now()
1213,2,1,8,48,FALSE ,0.00, 0.00, 0.00, 0.00, 0.00, ,now(),now()
1214,2,1,8,48,FALSE ,0.00, 0.00, 0.00, 0.00, 0.00, ,now(),now()
1215,2,1,8,48,FALSE ,0.00, 0.00, 0.00, 0.00, 0.00, ,now(),now()
1216,2,1,8,48,FALSE ,0.00, 0.00, 0.00, 0.00, 0.00, ,now(),now()
1217,2,1,8,48,FALSE ,0.00, 0.00, 0.00, 0.00, 0.00, ,now(),now()
1218,2,1,8,48,FALSE ,0.00, 0.00, 0.00, 0.00, 0.00, ,now(),now()
1219,2,1,8,48,FALSE ,0.00, 0.00, 0.00, 0.00, 0.00, ,now(),now()
1220,2,1,8,48,FALSE ,0.00, 0.00, 0.00, 0.00, 0.00, ,now(),now()
1221,2,1,8,48,FALSE ,0.00, 0.00, 0.00, 0.00, 0.00, ,now(),now()
1222,2,1,8,48,FALSE ,0.00, 0.00, 0.00, 0.00, 0.00, ,now(),now()
1223,2,1,8,48,FALSE ,0.00, 0.00, 0.00, 0.00, 0.00, ,now(),now()
1224,2,1,8,48,FALSE ,0.00, 0.00, 0.00, 0.00, 0.00, ,now(),now()
1225,2,1,8,48,FALSE ,0.00, 0.00, 0.00, 0.00, 0.00, ,now(),now()
1226,2,1,8,48,FALSE ,0.00, 0.00, 0.00, 0.00, 0.00, ,now(),now()
1227,2,1,8,48,FALSE ,0.00, 0.00, 0.00, 0.00, 0.00, ,now(),now()
1228,2,1,8,48,FALSE ,0.00, 0.00, 0.00, 0.00, 0.00, ,now(),now()
1229,2,1,8,48,FALSE ,0.00, 0.00, 0.00, 0.00, 0.00, ,now(),now()
1230,2,1,8,48,FALSE ,0.00, 0.00, 0.00, 0.00, 0.00, ,now(),now()
1231,2,1,8,48,FALSE ,0.00, 0.00, 0.00, 0.00, 0.00, ,now(),now()
1232,2,1,8,48,FALSE ,0.00, 0.00, 0.00, 0.00, 0.00, ,now(),now()
1233,2,1,8,48,FALSE ,0.00, 0.00, 0.00, 0.00, 0.00, ,now(),now()
1234,2,1,8,48,FALSE ,0.00, 0.00, 0.00, 0.00, 0.00, ,now(),now()
1235,2,1,8,48,FALSE ,0.00, 0.00, 0.00, 0.00, 0.00, ,now(),now()
1236,2,1,8,48,FALSE ,0.00, 0.00, 0.00, 0.00, 0.00, ,now(),now()
1237,2,1,8,48,FALSE ,0.00, 0.00, 0.00, 0.00, 0.00, ,now(),now()
1238,2,1,8,48,FALSE ,0.00, 0.00, 0.00, 0.00, 0.00, ,now(),now()
1239,2,1,8,48,FALSE ,0.00, 0.00, 0.00, 0.00, 0.00, ,now(),now()
1240,2,1,8,48,FALSE ,0.00, 0.00, 0.00, 0.00, 0.00, ,now(),now()
1241,2,1,8,48,FALSE ,0.00, 0.00, 0.00, 0.00, 0.00, ,now(),now()
1242,2,1,8,48,FALSE ,0.00, 0.00, 0.00, 0.00, 0.00, ,now(),now()
1243,2,1,8,48,FALSE ,0.00, 0.00, 0.00, 0.00, 0.00, ,now(),now()
1244,2,1,8,48,FALSE ,0.00, 0.00, 0.00, 0.00, 0.00, ,now(),now()
1245,2,1,8,48,FALSE ,0.00, 0.00, 0.00, 0.00, 0.00, ,now(),now()
1246,2,1,8,48,FALSE ,0.00, 0.00, 0.00, 0.00, 0.00, ,now(),now()
1247,2,1,8,48,FALSE ,0.00, 0.00, 0.00, 0.00, 0.00, ,now(),now()
1248,2,1,8,48,FALSE ,0.00, 0.00, 0.00, 0.00, 0.00, ,now(),now()
1249,2,1,8,48,FALSE ,0.00, 0.00, 0.00, 0.00, 0.00, ,now(),now()
1250,2,1,8,48,FALSE ,0.00, 0.00, 0.00, 0.00, 0.00, ,now(),now()
1251,2,1,8,48,FALSE ,0.00, 0.00, 0.00, 0.00, 0.00, ,now(),now()
1252,2,1,8,48,FALSE ,0.00, 0.00, 0.00, 0.00, 0.00, ,now(),now()
1253,2,1,8,48,FALSE ,0.00, 0.00, 0.00, 0.00, 0.00, ,now(),now()
1254,2,1,8,48,FALSE ,0.00, 0.00, 0.00, 0.00, 0.00, ,now(),now()
1255,2,1,8,48,FALSE ,0.00, 0.00, 0.00, 0.00, 0.00, ,now(),now()
1256,2,1,8,48,FALSE ,0.00, 0.00, 0.00, 0.00, 0.00, ,now(),now()
1257,2,1,8,48,FALSE ,0.00, 0.00, 0.00, 0.00, 0.00, ,now(),now()
1258,2,1,8,49,FALSE ,0.00, 0.00, 0.00, 0.00, 0.00, ,now(),now()
1259,2,1,8,56,FALSE ,0.00, 0.00, 0.00, 0.00, 0.00, ,now(),now()
1260,2,1,8,56,FALSE ,0.00, 0.00, 0.00, 0.00, 0.00, ,now(),now()
1261,2,1,8,56,FALSE ,0.00, 0.00, 0.00, 0.00, 0.00, ,now(),now()
1262,2,1,8,56,FALSE ,0.00, 0.00, 0.00, 0.00, 0.00, ,now(),now()
1263,2,1,8,56,FALSE ,0.00, 0.00, 0.00, 0.00, 0.00, ,now(),now()
1264,2,1,8,56,FALSE ,0.00, 0.00, 0.00, 0.00, 0.00, ,now(),now()
1265,2,1,8,56,FALSE ,0.00, 0.00, 0.00, 0.00, 0.00, ,now(),now()
1266,2,1,8,56,FALSE ,0.00, 0.00, 0.00, 0.00, 0.00, ,now(),now()
1267,2,1,8,56,FALSE ,0.00, 0.00, 0.00, 0.00, 0.00, ,now(),now()
1268,2,1,8,56,FALSE ,0.00, 0.00, 0.00, 0.00, 0.00, ,now(),now()
1269,2,1,8,56,FALSE ,0.00, 0.00, 0.00, 0.00, 0.00, ,now(),now()
1270,2,1,8,56,FALSE ,0.00, 0.00, 0.00, 0.00, 0.00, ,now(),now()
1271,2,1,8,56,FALSE ,0.00, 0.00, 0.00, 0.00, 0.00, ,now(),now()
1272,2,1,8,56,FALSE ,0.00, 0.00, 0.00, 0.00, 0.00, ,now(),now()
1273,2,1,8,56,FALSE ,0.00, 0.00, 0.00, 0.00, 0.00, ,now(),now()
1274,2,1,8,56,FALSE ,0.00, 0.00, 0.00, 0.00, 0.00, ,now(),now()
1275,2,1,8,56,FALSE ,0.00, 0.00, 0.00, 0.00, 0.00, ,now(),now()
1276,2,1,8,56,FALSE ,0.00, 0.00, 0.00, 0.00, 0.00, ,now(),now()
1277,2,1,8,56,FALSE ,0.00, 0.00, 0.00, 0.00, 0.00, ,now(),now()
1278,2,1,8,56,FALSE ,0.00, 0.00, 0.00, 0.00, 0.00, ,now(),now()
1279,2,1,8,34,FALSE ,0.00, 0.00, 0.00, 0.00, 0.00, ,now(),now()
1280,2,1,2,32,FALSE ,0.00, 0.00, 0.00, 0.00, 0.00, ,now(),now()
1281,2,1,2,32,FALSE ,0.00, 0.00, 0.00, 0.00, 0.00, ,now(),now()
1282,2,1,2,32,FALSE ,0.00, 0.00, 0.00, 0.00, 0.00, ,now(),now()
1283,2,1,2,32,FALSE ,0.00, 0.00, 0.00, 0.00, 0.00, ,now(),now()
1284,2,1,2,32,FALSE ,0.00, 0.00, 0.00, 0.00, 0.00, ,now(),now()
1285,2,1,2,32,FALSE ,0.00, 0.00, 0.00, 0.00, 0.00, ,now(),now()
1286,2,1,2,32,FALSE ,0.00, 0.00, 0.00, 0.00, 0.00, ,now(),now()
1287,2,1,2,32,FALSE ,0.00, 0.00, 0.00, 0.00, 0.00, ,now(),now()
1288,2,1,2,32,FALSE ,0.00, 0.00, 0.00, 0.00, 0.00, ,now(),now()
1289,2,1,2,32,FALSE ,0.00, 0.00, 0.00, 0.00, 0.00, ,now(),now()
1290,2,1,2,32,FALSE ,0.00, 0.00, 0.00, 0.00, 0.00, ,now(),now()
1291,2,1,2,32,FALSE ,0.00, 0.00, 0.00, 0.00, 0.00, ,now(),now()
1292,2,1,2,32,FALSE ,0.00, 0.00, 0.00, 0.00, 0.00, ,now(),now()
1293,2,1,2,32,FALSE ,0.00, 0.00, 0.00, 0.00, 0.00, ,now(),now()
1294,2,1,2,32,FALSE ,0.00, 0.00, 0.00, 0.00, 0.00, ,now(),now()
1295,2,1,2,32,FALSE ,0.00, 0.00, 0.00, 0.00, 0.00, ,now(),now()
1296,2,1,2,32,FALSE ,0.00, 0.00, 0.00, 0.00, 0.00, ,now(),now()
1297,2,1,2,32,FALSE ,0.00, 0.00, 0.00, 0.00, 0.00, ,now(),now()
1298,2,1,2,32,FALSE ,0.00, 0.00, 0.00, 0.00, 0.00, ,now(),now()
1299,2,1,2,32,FALSE ,0.00, 0.00, 0.00, 0.00, 0.00, ,now(),now()
1300,2,1,2,32,FALSE ,0.00, 0.00, 0.00, 0.00, 0.00, ,now(),now()
1301,2,1,2,32,FALSE ,0.00, 0.00, 0.00, 0.00, 0.00, ,now(),now()
1302,2,1,2,32,FALSE ,0.00, 0.00, 0.00, 0.00, 0.00, ,now(),now()
1303,2,1,2,32,FALSE ,0.00, 0.00, 0.00, 0.00, 0.00, ,now(),now()
1304,2,1,2,32,FALSE ,0.00, 0.00, 0.00, 0.00, 0.00, ,now(),now()
1305,2,1,2,32,FALSE ,0.00, 0.00, 0.00, 0.00, 0.00, ,now(),now()
1306,2,1,2,32,FALSE ,0.00, 0.00, 0.00, 0.00, 0.00, ,now(),now()
1307,2,1,2,32,FALSE ,0.00, 0.00, 0.00, 0.00, 0.00, ,now(),now()
1308,2,1,2,32,FALSE ,0.00, 0.00, 0.00, 0.00, 0.00, ,now(),now()
1309,2,1,2,32,FALSE ,0.00, 0.00, 0.00, 0.00, 0.00, ,now(),now()
1310,2,1,2,32,FALSE ,0.00, 0.00, 0.00, 0.00, 0.00, ,now(),now()
1311,2,1,2,32,FALSE ,0.00, 0.00, 0.00, 0.00, 0.00, ,now(),now()
1312,2,1,2,32,FALSE ,0.00, 0.00, 0.00, 0.00, 0.00, ,now(),now()
1313,2,1,2,32,FALSE ,0.00, 0.00, 0.00, 0.00, 0.00, ,now(),now()
1314,2,1,2,32,FALSE ,0.00, 0.00, 0.00, 0.00, 0.00, ,now(),now()
1315,2,1,2,32,FALSE ,0.00, 0.00, 0.00, 0.00, 0.00, ,now(),now()
1316,2,1,2,32,FALSE ,0.00, 0.00, 0.00, 0.00, 0.00, ,now(),now()
1317,2,1,2,32,FALSE ,0.00, 0.00, 0.00, 0.00, 0.00, ,now(),now()
1318,2,1,2,32,FALSE ,0.00, 0.00, 0.00, 0.00, 0.00, ,now(),now()
1319,2,1,2,32,FALSE ,0.00, 0.00, 0.00, 0.00, 0.00, ,now(),now()
1320,2,1,2,32,FALSE ,0.00, 0.00, 0.00, 0.00, 0.00, ,now(),now()
1321,2,1,2,32,FALSE ,0.00, 0.00, 0.00, 0.00, 0.00, ,now(),now()
1322,2,1,2,32,FALSE ,0.00, 0.00, 0.00, 0.00, 0.00, ,now(),now()
1323,2,1,2,32,FALSE ,0.00, 0.00, 0.00, 0.00, 0.00, ,now(),now()
1324,2,1,2,32,FALSE ,0.00, 0.00, 0.00, 0.00, 0.00, ,now(),now()
1325,2,1,2,32,FALSE ,0.00, 0.00, 0.00, 0.00, 0.00, ,now(),now()
1326,2,1,2,32,FALSE ,0.00, 0.00, 0.00, 0.00, 0.00, ,now(),now()
1327,2,1,2,32,FALSE ,0.00, 0.00, 0.00, 0.00, 0.00, ,now(),now()
1328,2,1,2,32,FALSE ,0.00, 0.00, 0.00, 0.00, 0.00, ,now(),now()
1329,2,1,2,32,FALSE ,0.00, 0.00, 0.00, 0.00, 0.00, ,now(),now()
1330,2,1,2,32,FALSE ,0.00, 0.00, 0.00, 0.00, 0.00, ,now(),now()
1331,2,1,2,32,FALSE ,0.00, 0.00, 0.00, 0.00, 0.00, ,now(),now()
1332,2,1,2,32,FALSE ,0.00, 0.00, 0.00, 0.00, 0.00, ,now(),now()
1333,2,1,2,32,FALSE ,0.00, 0.00, 0.00, 0.00, 0.00, ,now(),now()
1334,2,1,2,32,FALSE ,0.00, 0.00, 0.00, 0.00, 0.00, ,now(),now()
1335,2,1,2,32,FALSE ,0.00, 0.00, 0.00, 0.00, 0.00, ,now(),now()
1336,2,1,2,33,FALSE ,0.00, 0.00, 0.00, 0.00, 0.00, ,now(),now()
1337,2,1,2,33,FALSE ,0.00, 0.00, 0.00, 0.00, 0.00, ,now(),now()
1338,2,1,2,33,FALSE ,0.00, 0.00, 0.00, 0.00, 0.00, ,now(),now()
1339,2,1,2,33,FALSE ,0.00, 0.00, 0.00, 0.00, 0.00, ,now(),now()
1340,2,1,2,33,FALSE ,0.00, 0.00, 0.00, 0.00, 0.00, ,now(),now()
1341,2,1,2,33,FALSE ,0.00, 0.00, 0.00, 0.00, 0.00, ,now(),now()
1342,2,1,2,33,FALSE ,0.00, 0.00, 0.00, 0.00, 0.00, ,now(),now()
1343,2,1,2,33,FALSE ,0.00, 0.00, 0.00, 0.00, 0.00, ,now(),now()
1344,2,1,2,33,FALSE ,0.00, 0.00, 0.00, 0.00, 0.00, ,now(),now()
1345,2,1,2,33,FALSE ,0.00, 0.00, 0.00, 0.00, 0.00, ,now(),now()
1346,2,1,2,33,FALSE ,0.00, 0.00, 0.00, 0.00, 0.00, ,now(),now()
1347,2,1,2,33,FALSE ,0.00, 0.00, 0.00, 0.00, 0.00, ,now(),now()
1348,2,1,2,33,FALSE ,0.00, 0.00, 0.00, 0.00, 0.00, ,now(),now()
1349,2,1,2,33,FALSE ,0.00, 0.00, 0.00, 0.00, 0.00, ,now(),now()
1350,2,1,2,33,FALSE ,0.00, 0.00, 0.00, 0.00, 0.00, ,now(),now()
1351,2,1,2,33,FALSE ,0.00, 0.00, 0.00, 0.00, 0.00, ,now(),now()
1352,2,1,2,33,FALSE ,0.00, 0.00, 0.00, 0.00, 0.00, ,now(),now()
1353,2,1,2,33,FALSE ,0.00, 0.00, 0.00, 0.00, 0.00, ,now(),now()
1354,2,1,2,33,FALSE ,0.00, 0.00, 0.00, 0.00, 0.00, ,now(),now()
1355,2,1,2,33,FALSE ,0.00, 0.00, 0.00, 0.00, 0.00, ,now(),now()
1356,2,1,2,33,FALSE ,0.00, 0.00, 0.00, 0.00, 0.00, ,now(),now()
1357,2,1,2,33,FALSE ,0.00, 0.00, 0.00, 0.00, 0.00, ,now(),now()
1358,2,1,2,33,FALSE ,0.00, 0.00, 0.00, 0.00, 0.00, ,now(),now()
1359,2,1,2,33,FALSE ,0.00, 0.00, 0.00, 0.00, 0.00, ,now(),now()
1360,2,1,2,33,FALSE ,0.00, 0.00, 0.00, 0.00, 0.00, ,now(),now()
1361,2,1,2,33,FALSE ,0.00, 0.00, 0.00, 0.00, 0.00, ,now(),now()
1362,2,1,2,33,FALSE ,0.00, 0.00, 0.00, 0.00, 0.00, ,now(),now()
1363,2,1,2,33,FALSE ,0.00, 0.00, 0.00, 0.00, 0.00, ,now(),now()
1364,2,1,2,33,FALSE ,0.00, 0.00, 0.00, 0.00, 0.00, ,now(),now()
1365,2,1,2,33,FALSE ,0.00, 0.00, 0.00, 0.00, 0.00, ,now(),now()
1366,2,1,2,33,FALSE ,0.00, 0.00, 0.00, 0.00, 0.00, ,now(),now()
1367,2,1,2,33,FALSE ,0.00, 0.00, 0.00, 0.00, 0.00, ,now(),now()
1368,2,1,2,33,FALSE ,0.00, 0.00, 0.00, 0.00, 0.00, ,now(),now()
1369,2,1,2,33,FALSE ,0.00, 0.00, 0.00, 0.00, 0.00, ,now(),now()
1370,2,1,2,33,FALSE ,0.00, 0.00, 0.00, 0.00, 0.00, ,now(),now()
1371,2,1,2,33,FALSE ,0.00, 0.00, 0.00, 0.00, 0.00, ,now(),now()
1372,2,1,2,33,FALSE ,0.00, 0.00, 0.00, 0.00, 0.00, ,now(),now()
1373,2,1,2,33,FALSE ,0.00, 0.00, 0.00, 0.00, 0.00, ,now(),now()
1374,2,1,2,33,FALSE ,0.00, 0.00, 0.00, 0.00, 0.00, ,now(),now()
1375,2,1,2,33,FALSE ,0.00, 0.00, 0.00, 0.00, 0.00, ,now(),now()
1376,2,1,2,33,FALSE ,0.00, 0.00, 0.00, 0.00, 0.00, ,now(),now()
1377,2,1,2,33,FALSE ,0.00, 0.00, 0.00, 0.00, 0.00, ,now(),now()
1378,2,1,2,33,FALSE ,0.00, 0.00, 0.00, 0.00, 0.00, ,now(),now()
1379,2,1,2,33,FALSE ,0.00, 0.00, 0.00, 0.00, 0.00, ,now(),now()
1380,2,1,2,33,FALSE ,0.00, 0.00, 0.00, 0.00, 0.00, ,now(),now()
1381,2,1,2,33,FALSE ,0.00, 0.00, 0.00, 0.00, 0.00, ,now(),now()
1382,2,1,2,33,FALSE ,0.00, 0.00, 0.00, 0.00, 0.00, ,now(),now()
1383,2,1,2,33,FALSE ,0.00, 0.00, 0.00, 0.00, 0.00, ,now(),now()
1384,2,1,2,33,FALSE ,0.00, 0.00, 0.00, 0.00, 0.00, ,now(),now()
1385,2,1,2,33,FALSE ,0.00, 0.00, 0.00, 0.00, 0.00, ,now(),now()
1386,2,1,2,33,FALSE ,0.00, 0.00, 0.00, 0.00, 0.00, ,now(),now()
1387,2,1,2,33,FALSE ,0.00, 0.00, 0.00, 0.00, 0.00, ,now(),now()
1388,2,1,2,33,FALSE ,0.00, 0.00, 0.00, 0.00, 0.00, ,now(),now()
1389,2,1,2,33,FALSE ,0.00, 0.00, 0.00, 0.00, 0.00, ,now(),now()
1390,2,1,2,34,FALSE ,0.00, 0.00, 0.00, 0.00, 0.00, ,now(),now()
1391,2,1,2,34,FALSE ,0.00, 0.00, 0.00, 0.00, 0.00, ,now(),now()
1392,2,1,2,34,FALSE ,0.00, 0.00, 0.00, 0.00, 0.00, ,now(),now()
1393,2,1,2,34,FALSE ,0.00, 0.00, 0.00, 0.00, 0.00, ,now(),now()
1394,2,1,2,34,FALSE ,0.00, 0.00, 0.00, 0.00, 0.00, ,now(),now()
1395,2,1,2,34,FALSE ,0.00, 0.00, 0.00, 0.00, 0.00, ,now(),now()
1396,2,1,2,34,FALSE ,0.00, 0.00, 0.00, 0.00, 0.00, ,now(),now()
1397,2,1,2,34,FALSE ,0.00, 0.00, 0.00, 0.00, 0.00, ,now(),now()
1398,2,1,2,34,FALSE ,0.00, 0.00, 0.00, 0.00, 0.00, ,now(),now()
1399,2,1,2,34,FALSE ,0.00, 0.00, 0.00, 0.00, 0.00, ,now(),now()
1400,2,1,2,34,FALSE ,0.00, 0.00, 0.00, 0.00, 0.00, ,now(),now()
1401,2,1,2,34,FALSE ,0.00, 0.00, 0.00, 0.00, 0.00, ,now(),now()
1402,2,1,2,34,FALSE ,0.00, 0.00, 0.00, 0.00, 0.00, ,now(),now()
1403,2,1,2,34,FALSE ,0.00, 0.00, 0.00, 0.00, 0.00, ,now(),now()
1404,2,1,2,34,FALSE ,0.00, 0.00, 0.00, 0.00, 0.00, ,now(),now()
1405,2,1,2,34,FALSE ,0.00, 0.00, 0.00, 0.00, 0.00, ,now(),now()
1406,2,1,2,34,FALSE ,0.00, 0.00, 0.00, 0.00, 0.00, ,now(),now()
1407,2,1,2,34,FALSE ,0.00, 0.00, 0.00, 0.00, 0.00, ,now(),now()
1408,2,1,2,34,FALSE ,0.00, 0.00, 0.00, 0.00, 0.00, ,now(),now()
1409,2,1,2,34,FALSE ,0.00, 0.00, 0.00, 0.00, 0.00, ,now(),now()
1410,2,1,2,34,FALSE ,0.00, 0.00, 0.00, 0.00, 0.00, ,now(),now()
1411,2,1,2,34,FALSE ,0.00, 0.00, 0.00, 0.00, 0.00, ,now(),now()
1412,2,1,2,34,FALSE ,0.00, 0.00, 0.00, 0.00, 0.00, ,now(),now()
1413,2,1,2,34,FALSE ,0.00, 0.00, 0.00, 0.00, 0.00, ,now(),now()
1414,2,1,2,34,FALSE ,0.00, 0.00, 0.00, 0.00, 0.00, ,now(),now()
1415,2,1,2,34,FALSE ,0.00, 0.00, 0.00, 0.00, 0.00, ,now(),now()
1416,2,1,2,34,FALSE ,0.00, 0.00, 0.00, 0.00, 0.00, ,now(),now()
1417,2,1,2,34,FALSE ,0.00, 0.00, 0.00, 0.00, 0.00, ,now(),now()
1418,2,1,2,34,FALSE ,0.00, 0.00, 0.00, 0.00, 0.00, ,now(),now()
1419,2,1,2,34,FALSE ,0.00, 0.00, 0.00, 0.00, 0.00, ,now(),now()
1420,2,1,2,34,FALSE ,0.00, 0.00, 0.00, 0.00, 0.00, ,now(),now()
1421,2,1,2,34,FALSE ,0.00, 0.00, 0.00, 0.00, 0.00, ,now(),now()
1422,2,1,2,34,FALSE ,0.00, 0.00, 0.00, 0.00, 0.00, ,now(),now()
1423,2,1,2,34,FALSE ,0.00, 0.00, 0.00, 0.00, 0.00, ,now(),now()
1424,2,1,2,34,FALSE ,0.00, 0.00, 0.00, 0.00, 0.00, ,now(),now()
1425,2,1,2,34,FALSE ,0.00, 0.00, 0.00, 0.00, 0.00, ,now(),now()
1426,2,1,2,34,FALSE ,0.00, 0.00, 0.00, 0.00, 0.00, ,now(),now()
1427,2,1,2,34,FALSE ,0.00, 0.00, 0.00, 0.00, 0.00, ,now(),now()
1428,2,1,2,34,FALSE ,0.00, 0.00, 0.00, 0.00, 0.00, ,now(),now()
1429,2,1,2,34,FALSE ,0.00, 0.00, 0.00, 0.00, 0.00, ,now(),now()
1430,2,1,2,34,FALSE ,0.00, 0.00, 0.00, 0.00, 0.00, ,now(),now()
1431,2,1,2,34,FALSE ,0.00, 0.00, 0.00, 0.00, 0.00, ,now(),now()
1432,2,1,2,34,FALSE ,0.00, 0.00, 0.00, 0.00, 0.00, ,now(),now()
1433,2,1,2,34,FALSE ,0.00, 0.00, 0.00, 0.00, 0.00, ,now(),now()
1434,2,1,2,34,FALSE ,0.00, 0.00, 0.00, 0.00, 0.00, ,now(),now()
1435,2,1,2,34,FALSE ,0.00, 0.00, 0.00, 0.00, 0.00, ,now(),now()
1436,2,1,2,34,FALSE ,0.00, 0.00, 0.00, 0.00, 0.00, ,now(),now()
1437,2,1,2,34,FALSE ,0.00, 0.00, 0.00, 0.00, 0.00, ,now(),now()
1438,2,1,2,34,FALSE ,0.00, 0.00, 0.00, 0.00, 0.00, ,now(),now()
1439,2,1,2,34,FALSE ,0.00, 0.00, 0.00, 0.00, 0.00, ,now(),now()
1440,2,1,2,34,FALSE ,0.00, 0.00, 0.00, 0.00, 0.00, ,now(),now()
1441,2,1,2,34,FALSE ,0.00, 0.00, 0.00, 0.00, 0.00, ,now(),now()
1442,2,1,2,34,FALSE ,0.00, 0.00, 0.00, 0.00, 0.00, ,now(),now()
1443,2,1,2,41,FALSE ,0.00, 0.00, 0.00, 0.00, 0.00, ,now(),now()
1444,2,1,2,41,FALSE ,0.00, 0.00, 0.00, 0.00, 0.00, ,now(),now()
1445,2,1,2,41,FALSE ,0.00, 0.00, 0.00, 0.00, 0.00, ,now(),now()
1446,2,1,2,41,FALSE ,0.00, 0.00, 0.00, 0.00, 0.00, ,now(),now()
1447,2,1,2,41,FALSE ,0.00, 0.00, 0.00, 0.00, 0.00, ,now(),now()
1448,2,1,2,41,FALSE ,0.00, 0.00, 0.00, 0.00, 0.00, ,now(),now()
1449,2,1,2,41,FALSE ,0.00, 0.00, 0.00, 0.00, 0.00, ,now(),now()
1450,2,1,2,41,FALSE ,0.00, 0.00, 0.00, 0.00, 0.00, ,now(),now()
1451,2,1,2,41,FALSE ,0.00, 0.00, 0.00, 0.00, 0.00, ,now(),now()
1452,2,1,2,41,FALSE ,0.00, 0.00, 0.00, 0.00, 0.00, ,now(),now()
1453,2,1,2,41,FALSE ,0.00, 0.00, 0.00, 0.00, 0.00, ,now(),now()
1454,2,1,2,41,FALSE ,0.00, 0.00, 0.00, 0.00, 0.00, ,now(),now()
1455,2,1,2,41,FALSE ,0.00, 0.00, 0.00, 0.00, 0.00, ,now(),now()
1456,2,1,2,41,FALSE ,0.00, 0.00, 0.00, 0.00, 0.00, ,now(),now()
1457,2,1,2,41,FALSE ,0.00, 0.00, 0.00, 0.00, 0.00, ,now(),now()
1458,2,1,2,41,FALSE ,0.00, 0.00, 0.00, 0.00, 0.00, ,now(),now()
1459,2,1,2,41,FALSE ,0.00, 0.00, 0.00, 0.00, 0.00, ,now(),now()
1460,2,1,2,41,FALSE ,0.00, 0.00, 0.00, 0.00, 0.00, ,now(),now()
1461,2,1,2,41,FALSE ,0.00, 0.00, 0.00, 0.00, 0.00, ,now(),now()
1462,2,1,2,41,FALSE ,0.00, 0.00, 0.00, 0.00, 0.00, ,now(),now()
1463,2,1,2,41,FALSE ,0.00, 0.00, 0.00, 0.00, 0.00, ,now(),now()
1464,2,1,2,41,FALSE ,0.00, 0.00, 0.00, 0.00, 0.00, ,now(),now()
1465,2,1,2,41,FALSE ,0.00, 0.00, 0.00, 0.00, 0.00, ,now(),now()
1466,2,1,2,41,FALSE ,0.00, 0.00, 0.00, 0.00, 0.00, ,now(),now()
1467,2,1,2,41,FALSE ,0.00, 0.00, 0.00, 0.00, 0.00, ,now(),now()
1468,2,1,2,41,FALSE ,0.00, 0.00, 0.00, 0.00, 0.00, ,now(),now()
1469,2,1,2,41,FALSE ,0.00, 0.00, 0.00, 0.00, 0.00, ,now(),now()
1470,2,1,2,41,FALSE ,0.00, 0.00, 0.00, 0.00, 0.00, ,now(),now()
1471,2,1,2,41,FALSE ,0.00, 0.00, 0.00, 0.00, 0.00, ,now(),now()
1472,2,1,2,42,FALSE ,0.00, 0.00, 0.00, 0.00, 0.00, ,now(),now()
1473,2,1,10,48,FALSE ,0.00, 0.00, 0.00, 0.00, 0.00, ,now(),now()
1474,2,1,10,55,FALSE ,0.00, 0.00, 0.00, 0.00, 0.00, ,now(),now()
1475,2,1,10,55,FALSE ,0.00, 0.00, 0.00, 0.00, 0.00, ,now(),now()
1476,2,1,10,55,FALSE ,0.00, 0.00, 0.00, 0.00, 0.00, ,now(),now()
1477,2,1,10,55,FALSE ,0.00, 0.00, 0.00, 0.00, 0.00, ,now(),now()
1478,2,1,10,55,FALSE ,0.00, 0.00, 0.00, 0.00, 0.00, ,now(),now()
1479,2,1,10,55,FALSE ,0.00, 0.00, 0.00, 0.00, 0.00, ,now(),now()
1480,2,1,10,55,FALSE ,0.00, 0.00, 0.00, 0.00, 0.00, ,now(),now()
1481,2,1,10,55,FALSE ,0.00, 0.00, 0.00, 0.00, 0.00, ,now(),now()
1482,2,1,10,55,FALSE ,0.00, 0.00, 0.00, 0.00, 0.00, ,now(),now()
1483,2,1,10,55,FALSE ,0.00, 0.00, 0.00, 0.00, 0.00, ,now(),now()
1484,2,1,10,55,FALSE ,0.00, 0.00, 0.00, 0.00, 0.00, ,now(),now()
1485,2,1,10,55,FALSE ,0.00, 0.00, 0.00, 0.00, 0.00, ,now(),now()
1486,2,1,10,55,FALSE ,0.00, 0.00, 0.00, 0.00, 0.00, ,now(),now()
1487,2,1,10,55,FALSE ,0.00, 0.00, 0.00, 0.00, 0.00, ,now(),now()
1488,2,1,10,55,FALSE ,0.00, 0.00, 0.00, 0.00, 0.00, ,now(),now()
1489,2,1,10,55,FALSE ,0.00, 0.00, 0.00, 0.00, 0.00, ,now(),now()
1490,2,1,10,55,FALSE ,0.00, 0.00, 0.00, 0.00, 0.00, ,now(),now()
1491,2,1,10,55,FALSE ,0.00, 0.00, 0.00, 0.00, 0.00, ,now(),now()
1492,2,1,10,55,FALSE ,0.00, 0.00, 0.00, 0.00, 0.00, ,now(),now()
1493,2,1,10,55,FALSE ,0.00, 0.00, 0.00, 0.00, 0.00, ,now(),now()
1494,2,1,10,55,FALSE ,0.00, 0.00, 0.00, 0.00, 0.00, ,now(),now()
1495,2,1,10,55,FALSE ,0.00, 0.00, 0.00, 0.00, 0.00, ,now(),now()
1496,2,1,10,55,FALSE ,0.00, 0.00, 0.00, 0.00, 0.00, ,now(),now()
1497,2,1,10,55,FALSE ,0.00, 0.00, 0.00, 0.00, 0.00, ,now(),now()
1498,2,1,10,55,FALSE ,0.00, 0.00, 0.00, 0.00, 0.00, ,now(),now()
1499,2,1,10,55,FALSE ,0.00, 0.00, 0.00, 0.00, 0.00, ,now(),now()
1500,2,1,10,55,FALSE ,0.00, 0.00, 0.00, 0.00, 0.00, ,now(),now()
1501,2,1,10,55,FALSE ,0.00, 0.00, 0.00, 0.00, 0.00, ,now(),now()
1502,2,1,10,55,FALSE ,0.00, 0.00, 0.00, 0.00, 0.00, ,now(),now()
1503,2,1,10,55,FALSE ,0.00, 0.00, 0.00, 0.00, 0.00, ,now(),now()
1504,2,1,10,55,FALSE ,0.00, 0.00, 0.00, 0.00, 0.00, ,now(),now()
1505,2,1,10,55,FALSE ,0.00, 0.00, 0.00, 0.00, 0.00, ,now(),now()
1506,2,1,10,55,FALSE ,0.00, 0.00, 0.00, 0.00, 0.00, ,now(),now()
1507,2,1,10,55,FALSE ,0.00, 0.00, 0.00, 0.00, 0.00, ,now(),now()
1508,2,1,10,55,FALSE ,0.00, 0.00, 0.00, 0.00, 0.00, ,now(),now()
1509,2,1,10,55,FALSE ,0.00, 0.00, 0.00, 0.00, 0.00, ,now(),now()
1510,2,1,10,55,FALSE ,0.00, 0.00, 0.00, 0.00, 0.00, ,now(),now()
1511,2,1,10,55,FALSE ,0.00, 0.00, 0.00, 0.00, 0.00, ,now(),now()
1512,2,1,10,55,FALSE ,0.00, 0.00, 0.00, 0.00, 0.00, ,now(),now()
1513,2,1,10,55,FALSE ,0.00, 0.00, 0.00, 0.00, 0.00, ,now(),now()
1514,2,1,10,55,FALSE ,0.00, 0.00, 0.00, 0.00, 0.00, ,now(),now()
1515,2,1,10,55,FALSE ,0.00, 0.00, 0.00, 0.00, 0.00, ,now(),now()
1516,2,1,10,55,FALSE ,0.00, 0.00, 0.00, 0.00, 0.00, ,now(),now()
1517,2,1,10,55,FALSE ,0.00, 0.00, 0.00, 0.00, 0.00, ,now(),now()
1518,2,1,10,55,FALSE ,0.00, 0.00, 0.00, 0.00, 0.00, ,now(),now()
1519,2,1,10,55,FALSE ,0.00, 0.00, 0.00, 0.00, 0.00, ,now(),now()
1520,2,1,10,55,FALSE ,0.00, 0.00, 0.00, 0.00, 0.00, ,now(),now()
1521,2,1,10,55,FALSE ,0.00, 0.00, 0.00, 0.00, 0.00, ,now(),now()
1522,2,1,10,55,FALSE ,0.00, 0.00, 0.00, 0.00, 0.00, ,now(),now()
1523,2,1,10,55,FALSE ,0.00, 0.00, 0.00, 0.00, 0.00, ,now(),now()
1524,2,1,10,55,FALSE ,0.00, 0.00, 0.00, 0.00, 0.00, ,now(),now()
1525,2,1,10,55,FALSE ,0.00, 0.00, 0.00, 0.00, 0.00, ,now(),now()
1526,2,1,10,55,FALSE ,0.00, 0.00, 0.00, 0.00, 0.00, ,now(),now()
1527,2,1,10,55,FALSE ,0.00, 0.00, 0.00, 0.00, 0.00, ,now(),now()
1528,2,1,10,55,FALSE ,0.00, 0.00, 0.00, 0.00, 0.00, ,now(),now()
1529,2,1,10,55,FALSE ,0.00, 0.00, 0.00, 0.00, 0.00, ,now(),now()
1530,2,1,10,55,FALSE ,0.00, 0.00, 0.00, 0.00, 0.00, ,now(),now()
1531,2,1,10,55,FALSE ,0.00, 0.00, 0.00, 0.00, 0.00, ,now(),now()
1532,2,1,10,55,FALSE ,0.00, 0.00, 0.00, 0.00, 0.00, ,now(),now()
1533,2,1,10,55,FALSE ,0.00, 0.00, 0.00, 0.00, 0.00, ,now(),now()
1534,2,1,10,55,FALSE ,0.00, 0.00, 0.00, 0.00, 0.00, ,now(),now()